titulo,autores,generos,serie,sinopsis,url_portada,url_libro,fecha_extraccion,categoria_origen
Más Allá 23,F. L. Wallace,"Ciencia ficción, Fantástico, Publicaciónes periódicas, Relato",Libro 23 de:Más Allá,"Revista mensual de aventuras apasionantes en el mundo de la magia científicaABRIL 1955Novelas cortas* Un mundo de talentos, por Philip K. Dick* Amnesia de sí mismo, por F. L. WallaceCuentos*Asteroide cautivo, por Raymond Z. Gallun*Si Ud. fuera el único, por Richard Wilson*Llegarán las mansas lluvias, por Ray BradburyAventuras de la mente*Conquistador del Micromundo*El fin del mundo, por Kennet Heuer* Las edades glaciares, por Willy Ley (III)Novedades cósmicas*Correspondencia*Espaciotesty susRespuestas*Los sobres contienen sorpresas(Editorial)",https://assets.lectulandia.co/b/ab/AA%20VV/Mas%20Alla%2023%20(1246)/big.jpg,https://ww3.lectulandia.co/book/mas-alla-23/,2026-09-15 02:28:10,Ciencia Ficción
Náufragos del anti-tiempo,Víctor Conde,"Ciencia ficción, Novela",Libro 0 de:Metaverso: Relatos del Metaverso,"No te pierdas la nueva entrega de la exitosa saga de El Metaverso, donde cada space opera te va a llevar a explorar un nuevo universo lleno de aventuras y de acción.En Náufragos del anti-tiempo, Víctor Conde nos presenta a la familia Dandridge, quienes viven a bordo de su herencia familiar, la nave espacial El Constelación que utilizan para dirigir un negocio de entregas espaciales. Cuando Donna y Kopak se alían con los Dandridge, se unen a la tripulación de El Constelación y se ven envueltos en una conspiración intergaláctica que busca alterar el curso de la historia.Desde un misterioso planeta perdido en el tiempo hasta una Tierra futurista y distópica, los personajes deberán luchar contra el tiempo y enfrentarse a fuerzas oscuras que amenazan con destruirlos a todos. Con giros emocionantes y personajes inolvidables, este relato de ciencia ficción es imprescindible para cualquier aficionado del género. ¿Serán los héroes capaces de superar las adversidades y salvar el día, o caerán ante los peligros que les acechan? Acompáñalos en este emocionante viaje a través del espacio y el tiempo para descubrirlo.Este libro es perfecto para lectores nuevos y fans veteranos del género space opera. También es recomendada para los fans de las series de ciencia ficción como Dune, Star Wars o Star Trek.",https://assets.lectulandia.co/b/ab/Victor%20Conde/Naufragos%20del%20antitiempo%20(39)/big.jpg,https://ww3.lectulandia.co/book/naufragos-del-anti-tiempo/,2026-09-15 02:28:12,Ciencia Ficción
Una rosa en el paraíso,René Barjavel,"Ciencia ficción, Novela",N/A,"René Barjavel, consagrado autor de La noche de los tiempos y los caminos a Katmandú, retoma aquí uno de sus temas predilectos: el fin del mundo. La acción se sitúa en un futuro más o menos próximo en el que el avance de la técnica ha llegado a provocar la destrucción casi total de la vida en la Tierra. En una suerte de gigantesca nueva Arca, un sabio científico salva a una pareja humana con su familia, y a parejas de todas las especies animales. Extrañas situaciones, algunas dramáticas, otras románticas, se suceden en esta convivencia peculiar. Un simple caso de amor exige que el Arca deba abrirse. Del amor al crimen hay un paso. Del crimen al desastre otro paso.Barjavel deja abierto un final esperanzado para una humanidad que se estremece entre la duda, el temor y el deseo de sobrevivir. Una rosa en el paraíso es una notable obra de ciencia-ficción, plena de gracia e inocencia, no exenta de erotismo y de pícara sensualidad.",https://assets.lectulandia.co/b/ab/Rene%20Barjavel/Una%20rosa%20en%20el%20paraiso%20(4)/big.jpg,https://ww3.lectulandia.co/book/una-rosa-en-el-paraiso/,2026-09-15 02:28:15,Ciencia Ficción
Hipernautas,Víctor Conde,"Ciencia ficción, Novela",Libro 5 de:Metaverso,"El primer capitán de la flota estelar del Dominio Transhumano en ser un organismo genéticamente potenciado es Tao Émber. Fue creado en un laboratorio para potenciar sus capacidades lógicas y su mente analítica. Sin embargo, pronto descubrirá que el mando de una nave no va sobre máquinas, ni sobre tácticas, sino sobre personas. Y esto puede que le cueste la vida tanto a él como a su tripulación, cuando la nave donde presta servicio, la Helium, se enfrente a uno de los mayores misterios que se han encontrado jamás en el espacio del Dominio…¡Un homenaje a «Star Trek» dentro de la saga del «Metaverso»!",https://assets.lectulandia.co/b/ab/Victor%20Conde/Hipernautas%20(38)/big.jpg,https://ww3.lectulandia.co/book/hipernautas/,2026-09-15 02:28:17,Ciencia Ficción
Patrulla galactica,Edward E. Smith,"Ciencia ficción, Novela",Libro 3 de:Lensman,"¡TERROR DEL ESPACIO!Los piratas de Boskone asaltaban libremente, amenazando toda la estructura de la civilización interestelar, dirigidos por un «Supercientífico»… Sus flotas derrotaban aún a los poderosos cruceros espaciales de la Patrulla Galáctica.Cuando Kim Kinnison, de la Patrulla, descubrió la base secreta boskoniana, ¡era inexpugnable! Sólo un hombre podría penetrar sus defensas… ¡si deseaba luchar contra un millón de probabilidades, con una!Kinnison lo hizo… ¡con el futuro del Universo civilizado sobre sus hombros!",https://assets.lectulandia.co/b/ab/Edward%20E%20Smith/Patrulla%20galactica%20(5)/big.jpg,https://ww3.lectulandia.co/book/patrulla-galactica/,2026-09-15 02:28:20,Ciencia Ficción
El planeta secreto,Edward E. Smith,"Ciencia ficción, Novela",Libro 2 de:Lensman,"Ningún ser humano había estado jamás en el planeta escondido de Arisia. Una misteriosa barrera en el espacio devolvía a hombres y naves… Por fin pudo llegar el increíble Samms de la Patrulla Galáctica, quien regresó con el Lente, ese extraño artefacto que confiere poderes que nadie ha poseído…",https://assets.lectulandia.co/b/ab/Edward%20E%20Smith/El%20planeta%20secreto%20(4)/big.jpg,https://ww3.lectulandia.co/book/el-planeta-secreto/,2026-09-15 02:28:28,Ciencia Ficción
Imperio,Víctor Conde,"Ciencia ficción, Novela",Libro 4 de:Metaverso,"Desde la desaparición del Emperador Gestáltico, hace más de mil años, la humanidad ha sido incapaz de manejar el Metacampo y de acceder a la quinta fuerza fundamental del Universo, la Mnémica. Eso no ha impedido que se propague por el cosmos y desarrolle una civilización galáctica, si bien los logros del actual Dominio Transhumano distan mucho de alcanzar el esplendor y la magnificencia del antiguo Imperio Gestáltico.Sin embargo, tras el reciente colapso de la Variedad y la llegada de los exiliados de los universos-burbuja, empiezan a producirse diversos indicios que apuntan a un posible despertar del Metacampo, con todas las consecuencias que eso podría traer. Jan Delvián, monje guerrero, y Lina Kolbrand, capitana y corsaria estelar, verán de nuevo entrelazados sus destinos en una trama que involucra a los temibles urtianos, la inteligencia no órganica que rivaliza en poder con el legendario Imperio Gestáltico.",https://assets.lectulandia.co/b/ab/Victor%20Conde/Imperio%20(37)/big.jpg,https://ww3.lectulandia.co/book/imperio-victor-conde/,2026-09-15 02:28:30,Ciencia Ficción
Triplanetario,Edward E. Smith,"Ciencia ficción, Novela",Libro 1 de:Lensman,Triplanetarioes unaspace operaclásica que narra la milenaria guerra secreta entre dos razas alienígenas inmortales y superavanzadas: los benévolos Arisios y los malévolos Eddorianos. Ambos bandos manipulan genéticamente a la humanidad y a otras especies de la galaxia desde sus orígenes para convertirlas en peones de su conflicto cósmico.,https://assets.lectulandia.co/b/ab/Edward%20E%20Smith/Triplanetario%20(3)/big.jpg,https://ww3.lectulandia.co/book/triplanetario/,2026-09-15 02:28:33,Ciencia Ficción
Nucleogénesis / Déuteros,Víctor Conde,"Ciencia ficción, Novela",N/A,"En «Nucleogénesis», la existencia nace en el corazón ardiente de una gigante roja. Allí, entre ríos de plasma y criaturas que se alimentan de energía pura, Uxe descubre que la curiosidad puede ser el primer paso hacia una nueva forma de conciencia. «Nucleogénesis» es un viaje al corazón de la materia y de la conciencia, una epopeya de ciencia-ficción biológica donde el nacimiento de una mente puede alterar el destino de un universo entero.En «Déuteros», el escenario se traslada al silencio perpetuo de la Luna, donde una humanidad futura intenta descifrar los vestigios de su propia memoria. Entre polvo, ruinas y reflejos de un pasado remoto, la novela revela los secretos que la Tierra olvidó y que solo el satélite conserva en su soledad. Juntas, estas novelas trazan un díptico cósmico: del fuego al silencio, de la creación a la memoria. Dos relatos que invitan a pensar la vida como un fenómeno tan vasto como el universo que la sueña.Contiene los relatos:• Nucleogénesis• Déuteros",https://assets.lectulandia.co/b/ab/Victor%20Conde/Nucleogenesis%20%20Deuteros%20(36)/big.jpg,https://ww3.lectulandia.co/book/nucleogenesis-deuteros/,2026-09-15 02:28:36,Ciencia Ficción
Glamour de osario,Mark Samuels,"Ciencia ficción, Fantástico, Relato, Terror",N/A,"Mark Samuels (Londres 1967-2023), considerado por Ramsey Campbell como «el Thomas Ligotti inglés», es uno de los más destacados y originales narradores de literatura fantástica y de horror contemporáneos. Vinculado a la corriente de la «weird fiction», Samuels ha logrado reunir una obra consolidada –siete colecciones de relatos y dos novelas– a pesar de su prematuro fallecimiento a los 56 años.De los nueve relatos reunidos enGlamour de osario, los siete primeros comparten el mismo escenario geográfico imaginario, el valle del Thool y el pueblo de Gallows Langley, al norte de Londres, una suerte de epicentro telúrico y espiritual de actividad paranormal, mágica y sobrenatural, con una larga historia de tradiciones paganas, ritos druídicos y sacrificios humanos que se remontan a tiempos prerromanos, y con un repertorio legendario de maldiciones, apariciones, crímenes, suicidios y sucesos extraordinarios. La mayor parte de estas historias giran en torno a un tema omnipresente, la posibilidad de que el relato fantástico sea en sí mismo una forma de magia, una invocación capaz de alterar la realidad, no solo mental, de sus lectores. El oscuro e impenetrable bosque de Penceddo, el pub El Hombre Verde o el manicomio local abandonado de infausto recuerdo serán sus escenarios; y los siniestros ocultistas que forman parte del Culto de Lilith, el viejo escritor de terror Rupert Alderman, el infame doctor Charles Winterburn o el sacerdote experto en ocultismo Alphonse Winters, algunos de sus protagonistas.Los dos últimos relatos, “Si aún manda el destino”, que plantea la carencia de libre albedrío en una nueva era de máquinas pensantes, y “El fin de la muerte”, que nos sitúa en el fin de los tiempos, cuando los vivos se comporten como muertos en vida, los muertos resuciten y hasta la muerte pueda morir, completan este volumen.",https://assets.lectulandia.co/b/ab/Mark%20Samuels/Glamour%20de%20osario%20(2)/big.jpg,https://ww3.lectulandia.co/book/glamour-de-osario/,2026-09-15 02:28:39,Ciencia Ficción
Missitalia,Claudia Durastanti,"Ciencia ficción, Novela",N/A,"Mujer de espíritu temerario y errante, Amalia Spada vive al margen del revuelo que sacude el sur de Italia durante los años de la Unificación. Su casa, con túneles que se hunden en las tierras áridas de Lucania, acoge a fugitivos, forasteros y muchachas sin «las hijas de nadie». Entre ellas está Rosa Spina, con su feroz sentido de la justicia; Elisabetta, de mirada perspicaz y paso inseguro; Mena, forjada en la escasez y la resiliencia, y está también Amanda, provista de una rebeldía innata. Desafiando los prejuicios y las expectativas, juntas construyen una forma de vida al margen del mundo, hasta que la llegada de la industrialización —encarnada en la Fábrica del Vizconde— introduce nuevas formas de opresión y violencia.Cien años después, Ada, joven periodista romana, viaja al sur de sus ancestros con un grupo de antropólogos y cineastas. Lo que comienza siendo una expedición etnográfica se transforma en una investigación sobre el poder de la industria petrolera y sus efectos sobre las estructuras femeninas y simbólicas del territorio. A medida que avancen sus pesquisas, Ada cambiará el rumbo de su vida hacia una forma de disidencia inesperada. En el año 2051, la región ha dejado atrás el auge del petróleo y se ha convertido en base de la Agencia Espacial Mediterránea. En una colonia lunar que replica el paisaje lucano, A, archivista de objetos y ritos destinados al olvido, trabaja clasificando los restos de un mundo anterior. Enferma, nostálgica, en busca de un fin que la sociedad lunar le niega, A emprende el regreso a la Tierra, donde acaso sea posible aún decir adiós.Tras el éxito internacional deLa extranjera, Claudia Durastanti vuelve con una novela audaz y ambiciosa, un tríptico atravesado por figuras femeninas, unidas por una red de correspondencias invisibles, que se rebelan contra la Historia y sus destinos impuestos. A medio camino entre las obras de Pasolini y de Rohrwacher, Durastanti recrea el desierto del progreso capitalista de los dos últimos siglos, de las ruinas del petróleo a la colonización lunar, para preguntarnos si estamos dispuestos a extinguirnos solos, sin nombre ni identidad. Un relato visionario sobre la pérdida, la pertenencia y lo que aún puede salvarse.",https://assets.lectulandia.co/b/ab/Claudia%20Durastanti/Missitalia%20(2)/big.jpg,https://ww3.lectulandia.co/book/missitalia/,2026-09-15 02:28:41,Ciencia Ficción
El libro de cocina del anarquista de la mazmorra,Matt Dinniman,"Ciencia ficción, Fantástico, Novela",Libro 3 de:Carl el Mazmorrero,"¿Con ganas de más?¡Perfecto! El tercer volumen de la saga de Carl te volará la cabeza.Carl y Donut han logrado sobrevivir hasta ahora, pero este nivel es algo que jamás podrían haber imaginado.La Maraña de Hierro: un sistema de metro absurdamente complejo, hecho un nudo de trenes de todo tipo, desde locomotoras de vapor hasta vagones ultramodernos. Arriba es abajo. Abajo es arriba. Lo cercano está lejos. Los vagones están llenos de monstruos, las estaciones no siempre son lo que parecen y la salida está siempre a unas pocas paradas… pero nunca llega.",https://assets.lectulandia.co/b/ab/Matt%20Dinniman/El%20libro%20de%20cocina%20del%20anarquista%20de%20la%20mazmorra%20(3)/big.jpg,https://ww3.lectulandia.co/book/el-libro-de-cocina-del-anarquista-de-la-mazmorra/,2026-09-15 02:28:44,Ciencia Ficción
Noventa millones de soles,Iliana Vargas,"Ciencia ficción, Fantástico, Relato, Terror",N/A,"En Noventa millones de Soles, lo cotidiano se quiebra para dar cabida a lo extraño, ominoso y sobrenatural. La prosa de Iliana Vargas concibe criaturas biohackeadas, paisajes postapocalípticos y cuerpos en constante mutación, elementos que conviven de manera insólita con objetos de la memoria como fundamento frágil de la humanidad —grabaciones, libretas de apuntes, recuerdos familiares— y con el deseo de sobrevivir en un mundo que se transforma a cada paso.Entre la ciencia y el mito, la especulación futurista y el horror más íntimo, estos cuentos nos sumergen en universos habitados por animales imposibles, tecnologías que toman el lugar de lo sagrado, atmósferas donde la belleza armoniza con lo monstruoso. Aquí dialogan las instrucciones técnicas, los registros oníricos y las voces fragmentadas con la ciencia ficción contemporánea y la tradición fantástica. Noventa millones de Soles invita a hacerle frente a lo desconocido, a dejarse llevar por una forma de la imaginación que nos sitúa ante la pérdida y el desarraigo.",https://assets.lectulandia.co/b/ab/Iliana%20Vargas/Noventa%20millones%20de%20Soles%20(1)/big.jpg,https://ww3.lectulandia.co/book/noventa-millones-de-soles/,2026-09-15 02:28:46,Ciencia Ficción
Más Allá 21,Betsi Curtis,"Ciencia ficción, Fantástico, Publicaciónes periódicas, Relato",Libro 21 de:Más Allá,"Revista mensual de aventuras apasionantes en el mundo de la magia científicaFEBRERO 1955Novela completa* Amos de Títeres,por Robert A. HeinleinCuentos* Los largos años,por Ray Bradbury* El dinosaurio delicado,por William M. Altman* El amor es un barómetro,por Del Molarsky* La trampa,por Betsy Curtis* El tictac monstruoso,por Ross RocklinneAventuras de la mente* El fin del mundo,por Kennet Heuer* Las edades glaciales,por Willy LeyNovedades cósmicas* Correspondencia* Espaciotesty susRespuestas* La ambición de la huella(Editorial)",https://assets.lectulandia.co/b/ab/AA%20VV/Mas%20Alla%2021%20(1227)/big.jpg,https://ww3.lectulandia.co/book/mas-alla-21/,2026-09-15 02:28:49,Ciencia Ficción
La máquina se detiene,E. M. Forster,"Ciencia ficción, Distopía, Relato",N/A,"Vashti y Kuno, madre e hijo, viven separados en un mundo homogeneizado donde la gente habita confinada en celdas hexagonales y subterráneas, supeditados a la Máquina omnisciente, omnipresente y omnipotente, una suerte de Dios mecánico que les procura todo aquello que necesitan y a través de la cual se comunican y relacionan. Un engendro que les ha hecho olvidar algo que sólo podrían recuperar volviendo a la superficie: su esencia humana.Publicada en 1909 fue pionera en el género de las distopías tecnológicas, es una obra poco conocida en el mundo editorial en español. Sin embargo, es considerada una obra maestra de la ciencia ficción en la literatura inglesa. El libro no trata sólo de individuos productores de ideas de 140 caracteres, atrincherados en sus hogares y ensimismados ante sus pantallas: es también una reflexión doliente sobre la desaparición de la belleza y de la sensibilidad que la sociedad industrial está eliminando.Leída hoy,La máquina se detieneno parece una simple curiosidad literaria, sino una advertencia extraordinariamente lúcida sobre la dependencia tecnológica, el aislamiento, la pérdida de la experiencia humana y la tendencia a convertir nuestros sistemas en autoridades incuestionables.",https://assets.lectulandia.co/b/ab/E%20M%20Forster/La%20maquina%20se%20detiene%20(7)/big.jpg,https://ww3.lectulandia.co/book/la-maquina-se-detiene/,2026-09-15 02:28:51,Ciencia Ficción
Los vientos del olvido,Ángel Torres Quesada,"Ciencia ficción, Novela",N/A,"En el mundo renovado por Dios al final de la Hégira, los restos de la Humanidad despertaron en los valles de ar-Rasul, dentro de los límites señalados por el Hombre sin Nombre. Así dio comienzo la Era Caetani. Mil años más tarde, la aparición de una horda extraña y despiadada hizo tambalear las convicciones de Zayd Bakr el historiador, y muchas preguntas que empezó a hacerse sólo se las pudieron responder la bella la bella y misteriosa Mariem, la mujer guerrero de Zuwa, y su acompañante el Peregrino. Mientras los ejércitos invasores asolaban los valles, buscando una ciudad inexistente, Zayd desvelaría los secretos de su mundo, sería testigo de los milagros de Mariem, de los prodigios de las Siete Lunas, del resurgir de las antiguas amenazas y de la aparición de misteriosas naves en el cielo, tal como había sido profetizado por el Gran Kabín de Bakka.",https://assets.lectulandia.co/b/ab/Angel%20Torres%20Quesada/Los%20vientos%20del%20olvido%20(11)/big.jpg,https://ww3.lectulandia.co/book/los-vientos-del-olvido/,2026-09-15 02:28:54,Ciencia Ficción
Más Allá 22,Betsi Curtis,"Ciencia ficción, Fantástico, Publicaciónes periódicas, Relato",Libro 22 de:Más Allá,"Revista mensual de aventuras apasionantes en el mundo de la magia científicaMARZO 1955Novela completa:*Los Unos, por Betsy CurtisCuentos*Talentos raros, S. R. L, por Robert Sheckley*La avispa, por Richard Wilson*Unos pasos detrás de él, por John Wyndham*Ciudades silentes, por Ray Bradbury*Los monstruos del dormitorio,por John Jakes*El salto, por Julián de Córdoba*Mensaje cosmico, por Eando BinderAventuras de la mente*Conquistador del Micromundo*El fin del mundo, por Kennet HeuerNovedades cósmicas*Correspondencia*Espaciotesty susRespuestas*Nuestros Hermanos los Protohombres(Editorial)",https://assets.lectulandia.co/b/ab/AA%20VV/Mas%20Alla%2022%20(1233)/big.jpg,https://ww3.lectulandia.co/book/mas-alla-22/,2026-09-15 02:28:56,Ciencia Ficción
Las sendas púrpuras,Ángel Torres Quesada,"Ciencia ficción, Novela",N/A,"Tras haber pasado su infancia en Wuffan, uno de los planetas condenados al aislamiento por el Purpurado —la oligarquía que rige los destinos del Ámbito desde su inexpugnable recinto de la Cúpula— Giselle es rescatada por su padre, Yolden Abasi, y llevada a un nuevo mundo donde disfruta una década de la vida pletórica que el Ámbito concede a sus ciudadanos. Pero tras la misteriosa desaparición de su padre comienza a sospechar que este en realidad formaba parte de una conspiración contra el Purpurado que no llegó a culminar; decidida a investigarla hasta las últimas consecuencias, contará con la ayuda de un espíritu de la Fuente, Hesperis, filósofo fallecido más de mil años atrás, y de Lhotar un joven fugitivo venido más allá del Ámbito; pero también con la oposición de Saldrach, una de las purpuradas destinadas a regir las riendas del Ámbito. Tras ser sorprendida en sus sueños con visiones que para ella carecen de sentido, episodios supuestamente históricos ocurridos en el legendario planeta conocido como la Tierra, Giselle, instruida por su padre en el arte de la guerra, emprende la primera y gran aventura de su vida, que la llevará a conocer los horrores de la guerra y a recorrer las Sendas Púrpuras en pos de una respuesta.",https://assets.lectulandia.co/b/ab/Angel%20Torres%20Quesada/Las%20sendas%20purpuras%20(14)/big.jpg,https://ww3.lectulandia.co/book/las-sendas-purpuras/,2026-09-15 02:28:59,Ciencia Ficción
Trilogía de los dioses,Ángel Torres Quesada,"Ciencia ficción, Novela",N/A,"Por fin el lector puede conocer el desenlace de la ya mítica serie ""Los dioses"" que Ángel Torres Quesada escribiera originalmente paraNueva Dimensión. La lamentable desaparición de la revista y el extravío del original de la novela que cerraba la serie, hizo que ésta quedara inconclusa para los aficionados durante todos estos años.En este volumen están las dos primeras novelas,Dios de DhruleyDios de Kerlhe, y lo completa en éste mismo tomo con el tan ansiado final de la serie,Dios de la Esfera.Ángel Torres Quesada ha rescatado a partir del original escrito a máquina por fin encontrado, la continuación de las aventuras de Darío Siles, su compañera Yaita y su prodigiosa nave. Ha reescrito las dos anteriores novelas, ofreciendo al lector la posibilidad de apreciar la obra como un conjunto y conocer el final de la intriga comenzada hace dos décadas.El lector podrá averiguar ahora lo que el destino tenía reservado al hombre que un día descubrió que podía resucitar como los dioses, obligado a ser uno de los protagonistas de una trama en el tiempo y en el espacio diseñada por una raza desconocida.LaTrilogía de los Dioseses una intriga estelar que apasionará y agradará a todos los aficionados a la Ciencia Ficción y cuyo desenlace no decepcionará.",https://assets.lectulandia.co/b/ab/Angel%20Torres%20Quesada/Trilogia%20de%20los%20dioses%20(15)/big.jpg,https://ww3.lectulandia.co/book/trilogia-de-los-dioses/,2026-09-15 02:29:01,Ciencia Ficción
Los sicarios de Dios,Ángel Torres Quesada,"Ciencia ficción, Novela",N/A,"Todo comenzó con una advertencia pronunciada entre botellas vacías y humo de taberna en un espaciopuerto perdido: «Nunca aterrices en Prelato». Isaac Bonfante no le dio importancia. Semanas después, una avería en su nave lo obligó a abandonar el hiperespacio y buscar refugio en un planeta desconocido. Solo conocía su código de identificación. Pidió permiso para aterrizar. Demasiado tarde descubriría su verdadero nombre: Prelato. En ese mundo aislado, gobernado por costumbres ancestrales y ritos sombríos, Isaac quedará atrapado en una ciudad inmensa donde las leyes son trampas, la fe se confunde con el fanatismo y la intolerancia se ha convertido en norma. Junto a un grupo de navegantes refugiados en el llamado barrio de los impuros, intentará sobrevivir y descubrir la verdad sobre un planeta borrado de la memoria de la galaxia.Porque Prelato no es un mundo cualquiera: es uno de los Mundos Olvidados, el último refugio de las sectas expulsadas por el Orden Estelar de los mundos civilizados. Y algunos lugares son peores que la muerte.",https://assets.lectulandia.co/b/ab/Angel%20Torres%20Quesada/Los%20sicarios%20de%20Dios%20(12)/big.jpg,https://ww3.lectulandia.co/book/los-sicarios-de-dios/,2026-09-15 02:29:04,Ciencia Ficción
Un paraíso llamado Ara,Ángel Torres Quesada,"Ciencia ficción, Novela",N/A,"El argumento de «Un paraíso llamado Ara» se centra en la investigación, años después, del misterio que ocurrió en la primera nave interestelar de la humanidad, de cuya tripulación sólo regresó un miembro. Este texto, en una versión reducida, ha resultado finalista del Premio Alberto Magno de la Universidad del País Vasco. El relato «Ciclos» completa el volumen.",https://assets.lectulandia.co/b/ab/Angel%20Torres%20Quesada/Un%20paraiso%20llamado%20Ara%20(13)/big.jpg,https://ww3.lectulandia.co/book/un-paraiso-llamado-ara/,2026-09-15 02:29:06,Ciencia Ficción
Estrella caída,Claudia Gray,"Ciencia ficción, Fantástico, Novela",Libro 8 de:Star Wars: High Republic,"En esta apasionante secuela de The High Republic: Tormenta Creciente, la luz de los Jedi afronta su momento más oscuro.Una y otra vez, los despiadados saqueadores conocidos como Nihil han intentado acabar con la era dorada de la Alta República y de la manera más feroz posible. Una y otra vez, la Alta República ha salido maltrecha y extenuada, pero siempre victoriosa gracias a sus protectores Jedi. Y no hay monumento más grandioso a su causa que el Faro Starlight.Flotando como una joya en el Borde Exterior, el Faro encarna las más altas aspiraciones de la Alta República: un núcleo de cultura y conocimiento, una antorcha luminosa ante la oscuridad de lo desconocido, una mano cordial extendida hacia los confines más remotos de la galaxia. Mientras, supervivientes y refugiados huyen de los ataques Nihil, el Faro y su tripulación se preparan para refugiar y curar a los heridos.Los agradecidos Caballeros y padawans de la Orden Jedi allí destinados por fin se pueden recuperar del dolor de sus heridas y el pesar de sus bajas. Tras la muerte de Loden Greatstorm, Bell Zettifar debe tomar su testigo. Elzar Mann está reconstruyendo su conexión con la Luz, aunque su rabia hacia los Nihil y sus sentimientos por Avar Kriss siguen en plena ebullición. Los acompañantes de Elzar en su vuelta al Faro, la variopinta familia delNavío, disfrutan estirándo las piernas en la mejor estación espacial de la galaxia conocida (los que tienen piernas, claro).Pero la tormenta que creían superada sigue activa, solo se encuentran en su ojo. Marchion Ro, el verdadero cerebro de los Nihil, prepara su ataque más audaz, ideado para extinguir la Luz de los Jedi.",https://assets.lectulandia.co/b/ab/Claudia%20Gray/Estrella%20caida%20(7)/big.jpg,https://ww3.lectulandia.co/book/estrella-caida/,2026-09-15 02:29:09,Ciencia Ficción
Protocolo rebelde,Martha Wells,"Ciencia ficción, Novela",Libro 3 de:Los diarios de Matabot,"Protagonizada por un androide de apariencia humana que no para de verse envuelto en una aventura detrás de otra, aunque preferiría que le dejaran solo y no tener que soportar a los humanos y sus interminables parloteos. ¿Quién podría haberse imaginado que convertirse en una máquina de matar plantearía tantos dilemas morales? La IA asocial favorita de la comunidad de lectores de ciencia ficción regresa con una nueva aventura. La demanda contra la corporación GrayCris se tambalea y, lo más importante, las autoridades empiezan a hacer más preguntas sobre el paradero de la SegUnidad de la doctora Mensah. Y Matabot preferiría que esas preguntas se acabaran. Para siempre.",https://assets.lectulandia.co/b/ab/Martha%20Wells/Protocolo%20rebelde%20(8)/big.jpg,https://ww3.lectulandia.co/book/protocolo-rebelde/,2026-09-15 02:29:12,Ciencia Ficción
La batalla de Jedha,George Mann,"Ciencia ficción, Fantástico, Novela",Libro 15 de:Star Wars: High Republic,"Tras los acontecimientos deThe High Republic: Convergencia, los Jedi viajan a Jedha en el guion completo del audiolibro originalLa batalla de Jedha.Jedha. Las ajadas calles de esta luna antigua, visitada por todos pero sin dueño, son un crisol de la galaxia. Allí los Jedi son solo un credo más de los muchos que adoran y estudian la Fuerza. Desde los Guardianes de los Whills hasta el Camino de la Mano Abierta, innumerables seres acuden para aprender y compartir su experiencia en paz.Mientras Jedha prepara el Festival del Equilibrio, la galaxia aún se tambalea por la violenta guerra entre los planetas Eiram y E’ronoh. Sin embargo, tras desbaratar un plan para escalar el conflicto, los Jedi creen factible una paz duradera. El Maestro Creighton Sun y la Caballera Jedi Aida Forte llegan acompañando a delegaciones de ambos planetas para cerrar formalmente la «Guerra Interminable». Los Jedi esperan que la armonía que reina entre las muchas facciones de Jedha y la firma del tratado de paz sean un símbolo para el resto de la galaxia de lo que se puede alcanzar con unidad.Aun así, no todos están contentos con la implicación de los Jedi ni dispuestos a comprometerse con la paz. Crecen los rumores de que los Jedi dejarán guerra a su estela. La desconfianza y el odio que durante tanto tiempo alimentaron la Guerra Interminable amenazan ahora con contagiar a las diversas comunidades de Jedha. Cuando la violencia estalla, la guerra que se suponía que debía terminar podría extenderse por toda la luna sagrada.",https://assets.lectulandia.co/b/ab/George%20Mann/La%20batalla%20de%20Jedha%20(2)/big.jpg,https://ww3.lectulandia.co/book/la-batalla-de-jedha/,2026-09-15 02:29:14,Ciencia Ficción
El gran espectáculo,Keith Laumer,"Ciencia ficción, Relato",N/A,"En esta electrizante colección de relatos, Laumer despliega todo su arsenal narrativo para arrastrarte desde los pasillos asfixiantes de burocracias distópicas hasta las líneas de fuego de batallas futuristas. Prepárate para enfrentarte a la icónica fuerza de un colosal tanque autoconsciente, Siente la tensión psicológica de un interrogatorio alienígena llevado al límite, y descubre el caos absoluto de los primeros contactos alienígenas y las crisis tecnológicas que aguardan a la humanidad a la vuelta de la esquina.Con su característico ritmo cinematográfico, héroes de acero y un humor irónico que corta como un láser, Laumer demuestra por qué es una de las voces más audaces y entretenidas de la Edad de Oro de la ciencia ficción.",https://assets.lectulandia.co/b/ab/Keith%20Laumer/El%20gran%20espectaculo%20(6)/big.jpg,https://ww3.lectulandia.co/book/el-gran-espectaculo/,2026-09-15 02:29:17,Ciencia Ficción
Realidades a medida,Brandon Sanderson,"Ciencia ficción, Fantástico, Novela",N/A,"El recopilatorio de relatos no Cosmere, por el gran autor de fantasía del siglo XXI: Brandon Sanderson.Las historias de esta antología, que abarca los géneros de la fantasía y la ciencia ficción, están ambientadas más allá de los confines del Cosmere. Además de la nueva novela corta,Momento Cero,Realidades a medidaincluye nueve obras de ficción breve:Instantánea,Estado de perfección,La defensa del Elíseo(del universo de Escuadrón),Primogénito,Mitosis(del mundo de Reckoners) y otras cuatro historias.También se incluyen las notas del autor y una espectacular ilustración en blanco y negro para cada historia. Esta visionaria colección es de lectura obligatoria tanto para los nuevos lectores de Brandon Sanderson como para los fans más acérrimos.",https://assets.lectulandia.co/b/ab/Brandon%20Sanderson/Realidades%20a%20medida%20(62)/big.jpg,https://ww3.lectulandia.co/book/realidades-a-medida/,2026-09-15 02:29:19,Ciencia Ficción
Poshumanas y distópicas Vol. 2,Care Santos,"Ciencia ficción, Distopía, Relato",Libro 2 de:Poshumanas y distópicas,"Poshumanas y distópicas: Antología de escritoras españolas de ciencia ficción Vol.2Los dos volúmenes de esta antología trazan un recorrido a través de la ciencia ficción escrita por autoras españolas desde el siglo XIX hasta nuestros días. Las escritoras han imaginado y especulado sobre el futuro, así como sobre las consecuencias políticas y sociales de los avances tecnológicos, sobre inteligencias artificiales, máquinas del tiempo, extraterrestres, seres artificiales y otros mundos allá entre las estrellas. Se trata de una antología histórica que tiene el objetivo de visibilizar el trabajo de las escritoras de ciencia ficción españolas.Relatos Incluidos:La vita e-terna(2013) - Carme TorrasQuímiums(2015) - Mª Concepción RegueiroCuestión de tiempo(2016) - usana VallejoCasas Rojas(2014) - Nieves DelgadoAria de la muñeca mecánica(2012) - Care SantosHambre(2015) - Cristina JuradoBifurcaciones(2009) - Susana SussmannNuevo animal de compañía(2002) - Pily BarbaSad End(2016) - Patricia Esteban ErlésEl pastor de naves(2014) - Felicidad Martínez¿Qué fue de los ínclitos?(2009) - Sara MesaInforme de aprendizaje(2015) - Sofía RheiEternidad(2015) - María AnguloHombres Por Correo Lohmann(2012) - Laura FernándezLa vida sin cáncer(2018) - María Zaragoza",https://assets.lectulandia.co/b/ab/AA%20VV/Poshumanas%20y%20distopicas%20Vol%202%20(1230)/big.jpg,https://ww3.lectulandia.co/book/poshumanas-y-distopicas-vol-2/,2026-09-15 02:29:22,Ciencia Ficción
El Juicio Final de Carl,Matt Dinniman,"Ciencia ficción, Fantástico, Novela",Libro 2 de:Carl el Mazmorrero,"¡EL ENTRENAMIENTO HA TERMINADO!Un nuevo piso con nuevos desafíos. Y Carl sigue sin pantalones.Empieza la nueva temporada del concurso más visto de la galaxia: Planeta mazmorrero. En el tercer piso, Carl y la Princesa Dónut deberán esforzarse más que nunca. Ya han demostrado que un veterano de la Guardia Costera y una integrante de la realeza felina pueden formar un equipo casi imparable. Y aunque tienen una audiencia bestial, los espectadores son insaciables y la mazmorra es cada vez más peligrosa. Tendrán que darlo todo si quieren sobrevivir a esa picadora de carne diseñada para destrozar y luego escupir a los mazmorreros.Un circo de muertos vivientes deambula por las ruinas de la Ciudad Epígea, una próspera metrópolis que fue devastada por una misteriosa desgracia. Mujeres asesinadas caen del cielo. Un antiguo conjuro está a punto de desvelar su aciago propósito. ¿Podrán Carl y la Princesa Dónut resolver el misterio a tiempo?",https://assets.lectulandia.co/b/ab/Matt%20Dinniman/El%20Juicio%20Final%20de%20Carl%20(2)/big.jpg,https://ww3.lectulandia.co/book/el-juicio-final-de-carl/,2026-09-15 02:29:24,Ciencia Ficción
El talón de hierro (ed. Jesús Isaías Gómez),Jack London,"Ciencia ficción, Distopía, Novela",N/A,"El talón de hierroestá llamada a ser la primera novela distópica de carácter político de la literatura en lengua inglesa y, posiblemente, una de las primeras distopías literarias contemporáneas de la literatura universal. Tiene todos los ingredientes de la distopía moderna que será continuada por autores como Zamiátin, Huxley, Sinclair Lewis, Orwell, Bradbury o Burguess.",https://assets.lectulandia.co/b/ab/Jack%20London/El%20talon%20de%20hierro%20ed%20Jesus%20Isaias%20Gomez%20(53)/big.jpg,https://ww3.lectulandia.co/book/el-talon-de-hierro-ed-jesus-isaias-gomez/,2026-09-15 02:29:26,Ciencia Ficción
Amanecer en la cosecha,Suzanne Collins,"Ciencia ficción, Novela",Libro 0.5 de:Distritos,"¡Llega la increíble quinta entrega de la saga Los Juegos del Hambre!Cuando te roban todo lo que amas, ¿queda algo por lo que luchar?Amanece el día de los Quincuagésimos Juegos del Hambre y el miedo atenaza a los distritos de Panem. Este año, en honor al Vasallaje de los Veinticinco, se llevarán de sus hogares al doble de tributos.En el Distrito 12, Haymitch Abernathy intenta no pensar demasiado en sus probabilidades. Lo único que le importa es que se acabe el día para poder estar con su chica.Cuando anuncian el nombre de Haymitch, todos sus sueños se rompen en pedazos. Lo separan de su familia y de su amada, y lo envían al Capitolio con los otros tres tributos del Distrito 12: una amiga que es casi como una hermana pequeña para él, un chico obsesionado con analizar apuestas y la chica más estirada de la ciudad. Cuando empiezan los Juegos, Haymitch comprende que en el Capitolio quieren que fracase. Sin embargo, algo dentro de él desea luchar… y que el eco de esa lucha llegue mucho más allá de la mortífera arena.",https://assets.lectulandia.co/b/ab/Suzanne%20Collins/Amanecer%20en%20la%20cosecha%20(7)/big.jpg,https://ww3.lectulandia.co/book/amanecer-en-la-cosecha/,2026-09-15 02:29:29,Ciencia Ficción
Sombras en la eternidad,Ángel Torres Quesada,"Ciencia ficción, Histórico, Novela",N/A,"¿Fue inevitable la caída de la Orden del Temple? El investigador de lo oculto Manuel Ramírez recibe unos pergaminos de contenido extraordinario: la prueba de que la Orden Templaria sobrevivió a su fin aparente. Pero, ¿cómo reconciliar este descubrimiento con los hechos históricos conocidos? La visita del historiador Diego Ardé, presa de súbitos desvanecimientos durante los cuales se retrotrae hasta la época de las Cruzadas, permitirá a ambos asistir al final de un conflicto que comenzó con el nacimiento del Universo y del que depende el destino de toda la humanidad.",https://assets.lectulandia.co/b/ab/Angel%20Torres%20Quesada/Sombras%20en%20la%20eternidad%20(10)/big.jpg,https://ww3.lectulandia.co/book/sombras-en-la-eternidad/,2026-09-15 02:29:31,Ciencia Ficción
Cataclismo,Lydia Kang,"Ciencia ficción, Fantástico, Novela",Libro 16 de:Star Wars: High Republic,"Tras los apasionantes sucesos deThe High Republic: Convergencia, los Jedi se apresuran a investigar al Camino de la Mano Abierta y acabar con la guerra interminable.Tras cinco años de conflicto, los planetas Eiram y E’ronoh se acercan a la paz verdadera. Sin embargo, llegan noticias del fiasco de la firma del tratado en Jedha y la violencia se reactiva en los dos mundos. Los herederos de sus casas reales, Phan-tu Zenn y Xiri A’lbaran, en colaboración con los Jedi, descubren pruebas de que el conflicto está orquestado por agentes externos y todos los indicios señalan al misterioso Camino de la Mano Abierta, de quien los Jedi también sospechan que causaron el desastre de Jedha.Sin tiempo ni respuestas, los Jedi deben dividir su atención entre ayudar a contener la violencia resurgida en Eiram y E’ronoh e investigar al Camino. Entre ellos está Gella Nattai, que recurre a la única persona que cree capaz de aportar luz al misterio, Axel Greylark, a pesar de la desconfianza que siente por él. El hijo de la canciller, encarcelado por sus delitos, siempre ha deseado librarse del peso de su apellido. ¿Se reconciliará con los Jedi para colaborar en la búsqueda de paz y justicia o abrazará la promesa de libertad verdadera que le hace el Camino?Todo conduce a Dalna. Gella y sus aliados se preparan para enfrentarse a un rival distinto a todos los que se han enfrentado. Y necesitarán confiar en la Fuerza y en sus compañeros para sobrevivir.",https://assets.lectulandia.co/b/ab/Lydia%20Kang/Cataclismo%20(1)/big.jpg,https://ww3.lectulandia.co/book/cataclismo/,2026-09-15 02:29:34,Ciencia Ficción
El imperio del silencio,Christopher Ruocchio,"Ciencia ficción, Novela",Libro 1 de:El devorador de soles,"Un hombre contra un imperio. Una leyenda escrita con sangre.Huyendo de un destino impuesto —el de verdugo al servicio de su padre—, Hadrian Marlowe acabará varado en un mundo perdido en los márgenes del Imperio. Allí, obligado a luchar como gladiador y a sobrevivir entre las intrigas de una corte alienígena, se verá arrastrado a una guerra que no empezó, en nombre de un Imperio que no respeta, contra un enemigo que quizá jamás llegue a comprender.En el planeta equivocado, en el momento justo y por las razones más nobles, Hadrian emprende un camino que terminará en sangre. La galaxia lo recuerda como un héroe: el hombre que borró del cielo al último de los cielcin. Otros lo recuerdan como un monstruo: el demonio que destruyó un sol y aniquiló sin pestañear cuatro mil millones de almas, entre ellas al propio emperador. Pero Hadrian no es un héroe. Tampoco un monstruo. Ni siquiera un soldado.Esta novela, que fusiona la space opera con la fantasía épica, narra una historia de proporciones galácticas en la tradición de La guerra de las galaxias y la saga Dune.",https://assets.lectulandia.co/b/ab/Christopher%20Ruocchio/El%20imperio%20del%20silencio%20(1)/big.jpg,https://ww3.lectulandia.co/book/el-imperio-del-silencio/,2026-09-15 02:29:36,Ciencia Ficción
Un día en la vida,Cordwainer Smith,"Ciencia ficción, Relato",N/A,"Esta selección es… original y novedosa; el tema es un día en la vida de alguien; y lo mejor de todo son la introducción y las notas de Gardner, cada una de ellas un pequeño y perfecto comentario social que enriquece la comprensión de las historias a las cuales preceden.Contiene los relatos:LENTA NOCHE DE MARTES - R.A. LaffertyLA «LADY MARGARET» - Keith RobertsMARY - Damon KnightVIDRIOS A LA DERIVA - Samuel R. DelanyUN DÍA FELIZ DE 2381 - Robert SilverbergEL FUTURO PERTURBADO - Fritz LeiberEN EL PLANETA DE LAS TORMENTAS - Cordwainer Smith",https://assets.lectulandia.co/b/ab/AA%20VV/Un%20dia%20en%20la%20vida%20(1229)/big.jpg,https://ww3.lectulandia.co/book/un-dia-en-la-vida/,2026-09-15 02:29:39,Ciencia Ficción
Abominación atlántica,John Brunner,"Ciencia ficción, Novela",N/A,Cuando la primera expedición que logra llegar a las profundidades del Atlántico sus descubrimientos superan a las expectativas. Restos de una antigua civilización y el monstruoso cuerpo de un ser no humano constituyen parte de sus hallazgos. Estas relaciones científicas llegan a convertirse en una pesadilla de horror para toda la humanidad entera que pone en juego todos sus recursos científicos para detener este desafío en el tiempo y en el espacio.,https://assets.lectulandia.co/b/ab/John%20Brunner/Abominacion%20atlantica%20(15)/big.jpg,https://ww3.lectulandia.co/book/abominacion-atlantica/,2026-09-15 02:30:44,Ciencia Ficción
El ojo de la oscuridad,George Mann,"Ciencia ficción, Fantástico, Novela",Libro 21 de:Star Wars: High Republic,"Un año después de los trágicos sucesos de Estrella caída, los Jedi luchan para romper el control de los Nihil sobre la galaxia.La galaxia está dividida. Tras la impactante destrucción del Faro Starlight, los Nihil han establecido una barrera impenetrable llamada Muro Tormenta alrededor de parte del Borde Exterior, donde reina Marchion Ro y sus seguidores siembran el caos cuando a él se le antoja. Los Jedi atrapados tras las líneas enemigas, como Avar Kriss, deben luchar para ayudar a los mundos saqueados por los Nihil, al mismo tiempo que escapan de ellos y de sus terrores sin nombre. Fuera de la conocida como Zona de Oclusión de los Nihil, Elzar Mann, Bell Zettifar y el resto de Jedi trabajan con la República para contactar con los mundos que han quedado aislados de la galaxia. Sin embargo, todos los intentos por romper el Muro Tormenta han fracasado e incluso comunicarse con el otro lado de la barrera resulta imposible. Los fracasos y las bajas son una pesada carga para Elzar y Bell, mientras buscan desesperadamente una solución.Pero aunque la República y las fuerzas Jedi logren penetrar el Muro Tormenta, ¿cómo pueden luchar los Jedi contra esas criaturas sin nombre que acechan su conexión con la Fuerza? ¿Y qué otros horrores les tiene reservados Marchion Ro? Mientras aumenta la desesperación de los Jedi y la República, cualquier esperanza de volver a unir a toda la galaxia puede desvanecerse…",https://assets.lectulandia.co/b/ab/George%20Mann/El%20ojo%20de%20la%20oscuridad%20(3)/big.jpg,https://ww3.lectulandia.co/book/el-ojo-de-la-oscuridad/,2026-09-15 02:30:46,Ciencia Ficción
La gran aventura de Norby,Isaac Asimov,"Ciencia ficción, Juvenil, Novela",Libro 8 de:Las crónicas de Norby,"Norby no es un robot aerodinámico, sino que se parece a un barril, es una parodia de una parodia; pero está dotado de una iniciativa y de una imaginación que roza la anarquía cuando se trata de actuar. Y yo diría que no sólo la roza. La practica con argucia y arrogancia, inspiración y doctrina, gravedad y candidez. Norby es, a su manera, el autorretrato más logrado entre los infinitos que hasta ahora nos ha propuesto Isaac Asimov. Evidentemente, las «Tres leyes de la robótica» caen ante el ataque despiadado de los seguidores de Ing contra Manhattan, contra Nueva York y, por fin, contra el mundo. Sólo este segundamano sabe cómo mover las piezas y las mueve.",https://assets.lectulandia.co/b/ab/Isaac%20Asimov/La%20gran%20aventura%20de%20Norby%20(141)/big.jpg,https://ww3.lectulandia.co/book/la-gran-aventura-de-norby/,2026-09-15 02:30:49,Ciencia Ficción
Convergencia,Zoraida Córdova,"Ciencia ficción, Fantástico, Novela",Libro 14 de:Star Wars: High Republic,"La siguiente aventura enThe High Republicempieza con una historia situada varias generaciones antes de Luz de los Jedi.Vivimos en una era de exploración. Los Jedi recorren la galaxia, ampliando su comprensión de la Fuerza y los mundos y seres que esta conecta. Entretanto, la República, liderada por sus dos cancilleres, trabaja para unir planetas y mantener el crecimiento de una comunidad entre estrellas remotas y cercanas.En los planetas de órbitas cercanas de Eiram y E’ronoh, los problemas de desarrollo de una galaxia con recursos limitados y ambición ilimitada se dejan sentir con intensidad. El odio entre los dos mundos ha alimentado media década de escalada en un conflicto que amenaza con afectar a los sistemas vecinos. La última esperanza para la paz surge cuando los herederos de las familias reales del planeta planean unirse en matrimonio.Antes de poder establecer una paz duradera, un intento de asesinato de la pareja devuelve a Eiram y E’ronoh a la senda de la guerra. Para salvar a ambos mundos, la Caballera Jedi Gella Nattai se ofrece voluntaria para descubrir al culpable, mientras la canciller Kyong envía a su hijo, Axel Greylark, como representante de la República en la investigación.Sin embargo, la profunda desconfianza que Axel siente hacia los Jedi prende la chispa de la fe en la Fuerza en Gella. Ella nunca había conocido a un juerguista y privilegiado tan engreído, él nunca había conocido a una bienhechora más seria y firme. Mientras trabajan para desenredar la sombría telaraña de la investigación, la conspiración parece complicarse. Vuelan las acusaciones y aparecen enemigos potenciales tras cada esquina, por lo que la extraña pareja deberá cooperar si quieren descubrir la verdad y salvar a sus dos mundos.",https://assets.lectulandia.co/b/ab/Zoraida%20Cordova/Convergencia%20(2)/big.jpg,https://ww3.lectulandia.co/book/convergencia/,2026-09-15 02:30:52,Ciencia Ficción
Norby regresa a la Tierra,Isaac Asimov,"Ciencia ficción, Juvenil, Novela",Libro 7 de:Las crónicas de Norby,"Norby no es un robot aerodinámico, sino que se parece a un barril, es una parodia de una parodia; pero está dotado de una iniciativa y de una imaginación que roza la anarquía cuando se trata de actuar. Y yo diría que no sólo la roza. La practica con argucia y arrogancia, inspiración y doctrina, gravedad y candidez. Norby es, a su manera, el autorretrato más logrado entre los infinitos que hasta ahora nos ha propuesto Isaac Asimov. Evidentemente, las «Tres leyes de la robótica» caen ante el ataque despiadado de los seguidores de Ing contra Manhattan, contra Nueva York y, por fin, contra el mundo. Sólo este segundamano sabe cómo mover las piezas y las mueve.",https://assets.lectulandia.co/b/ab/Isaac%20Asimov/Norby%20regresa%20a%20la%20Tierra%20(142)/big.jpg,https://ww3.lectulandia.co/book/norby-regresa-a-la-tierra/,2026-09-15 02:30:55,Ciencia Ficción
Poshumanas y distópicas Vol. 1,Alicia Araujo,"Ciencia ficción, Distopía, Relato",Libro 1 de:Poshumanas y distópicas,"Poshumanas y distópicas: Antología de escritoras españolas de ciencia ficción Vol.1Los dos volúmenes de esta antología trazan un recorrido a través de la ciencia ficción escrita por autoras españolas desde el siglo XIX hasta nuestros días. Las escritoras han imaginado y especulado sobre el futuro, así como sobre las consecuencias políticas y sociales de los avances tecnológicos, sobre inteligencias artificiales, máquinas del tiempo, extraterrestres, seres artificiales y otros mundos allá entre las estrellas. Se trata de una antología histórica que tiene el objetivo de visibilizar el trabajo de las escritoras de ciencia ficción españolas.Relatos Incluidos:La cabeza a componer(1894) - Emilia Pardo BazánCuento absurdo(1908) - Ángeles VicenteEvocación del porvenir. Homenaje en España a la madre del año…(1930) - Halma AngélicoElectroamor(1959) - Condesa de Campo AlangeEl hijo de la ciencia(1967) - Alicia AraujoHerencia de sueños(1968) - María Guéra y Arturo MengottiGu ta gutarrak(1970) - Magdalena Mouján OntañoEl jardín de alabastro(1977) - Teresa InglésLa droga(1982) - Roser CardúsLa casa de Àngel(2010) - Rosa FabregatLa crisálida(1981) - Blanca MartPlis, plas(1985) - Mayi PelotLa mujer de Lot(1984) - Elia BarcelóEl error(2009) - Rosa MonteroMares que cambian(2014) - Lola Robles",https://assets.lectulandia.co/b/ab/AA%20VV/Poshumanas%20y%20distopicas%20Vol%201%20(1228)/big.jpg,https://ww3.lectulandia.co/book/poshumanas-y-distopicas-vol-1/,2026-09-15 02:30:57,Ciencia Ficción
Más Allá 17,Alfred Bester,"Ciencia ficción, Fantástico, Publicaciónes periódicas, Relato",Libro 17 de:Más Allá,"Revista mensual de aventuras apasionantes en el mundo de la magia científicaOctubre-1954Novela completa:* El triángulo de cuatro lados, por William F. TempleCuentos:* Hombres de la Tierra, por Ray Bradbury* Una estancia en Osiris, por Sprague de Camp* Vagabundo del tiempo, por C. M. Kornbluth* Un muchacho con suerte, por Alfred BesterAventuras de la mente:* La vida en el universo: mundos sin atmósfera, por Gron Aguirre y Ángel Gide* Más allá de los pantalonesArtículos científicos:* ¿Qué es la cuarta dimensión?* Correo cohete, por Willy LeyNovedades cósmicas:* Espaciotest y sus respuestas* Contestando a los lectores* Inventores de inventos (Editorial)",https://assets.lectulandia.co/b/ab/AA%20VV/Mas%20Alla%2017%20(1219)/big.jpg,https://ww3.lectulandia.co/book/mas-alla-17/,2026-09-15 02:31:00,Ciencia Ficción
Islas de la ascuaoscura,Brandon Sanderson,"Ciencia ficción, Fantástico, Novela",Libro 5 de:Novela secreta,"Brandon Sanderson, el gran autor de fantasía del siglo XXI, anticipa el futuro más lejano jamás descrito en el Cosmere. Bienvenidos a la quinta novela secreta.Sexto del Ocaso es un trampero tradicional en la mortífera isla de Patji. Pero una fatídica noche, empuja a su pueblo a una carrera por modernizarse antes de que los invasores de las estrellas los conquisten. Teme que su pueblo se pierda a sí mismo en el intento, y por eso parte en busca de su salvación más allá de la ascuaoscura.En otro lugar de la ascuaoscura hay una joven dragona encadenada en forma humana: Astrífera. Ella y su variopinta tripulación de exiliados están a punto de perder su libertad. Estos dos improbables aliados podrían ser la solución a la crisis del otro. En su búsqueda de la independencia, Ocaso y Astrífera se enfrentan a peligrosas negociaciones, políticas envenenadas y el eco destructivo de un dios muerto.",https://assets.lectulandia.co/b/ab/Brandon%20Sanderson/Islas%20de%20la%20ascuaoscura%20(61)/big.jpg,https://ww3.lectulandia.co/book/islas-de-la-ascuaoscura/,2026-09-15 02:31:03,Ciencia Ficción
Norby salva al universo,Isaac Asimov,"Aventuras, Ciencia ficción, Novela",Libro 6 de:Las crónicas de Norby,"En esta sexta aventura, el cadete espacial Jeff Wells y su peculiar robot extraterrestre Norby (capaz de viajar por el hiperespacio gracias a sus componentes únicos) se enfrentan a una crisis de escala cósmica. El malvado e implacable villano Ing el Ingrato logra escapar y pone en marcha un peligroso dispositivo mecánico antiguo: una máquina tridimensional de alterar el tiempo.Este artefacto amenaza con desgarrar el tejido del espacio-tiempo, lo que provocaría la destrucción total de la galaxia y del universo conocido.Para detenerlo, Jeff y Norby deberán realizar un viaje desesperado por diferentes épocas y mundos extraños. En su travesía contarán con la ayuda de la inteligente alienígena Oona —reina de las tierras de los grandes dragones en el planeta Jamna—, arriesgándolo todo para restaurar el orden temporal antes de que el universo entero desaparezca.",https://assets.lectulandia.co/b/ab/Isaac%20Asimov/Norby%20salva%20al%20universo%20(143)/big.jpg,https://ww3.lectulandia.co/book/norby-salva-al-universo/,2026-09-15 02:31:06,Ciencia Ficción
Los ladrones de cerebros,Robert Moore Williams,"Ciencia ficción, Novela",N/A,"Desde una galaxia lejana llegaron los Narks hambrientos de apoderarse del tentador planeta verde llamado Tierra. Primero invadieron le mente de uno de los científicos más grandes del mundo, Erasmus Brockner. Enseguida hicieron que construyera para ellos una fortaleza inexpugnable, metida en lo más profundo de las montañas de Colorado. Desde ese sepulcro escondido salían sus esclavos humanos para extender el contagio por todo el mundo.Todo estaba ye listo para dar el paso final en ese monstruoso designio, cuando un hombre llamado Valthor tropezó con la verdad… y juró derrotarlos o morir… luego.",https://assets.lectulandia.co/b/ab/Robert%20Moore%20Williams/Los%20ladrones%20de%20cerebros%20(1)/big.jpg,https://ww3.lectulandia.co/book/los-ladrones-de-cerebros/,2026-09-15 02:31:09,Ciencia Ficción
El fin de la muerte (Edición ilustrada),Liu Cixin,"Ciencia ficción, Novela",Libro 3 de:Trilogía de los Tres Cuerpos,"Edición ilustrada del gran fenómeno de la ciencia ficción que ha conquistado el mundo, con ilustraciones a color del artista Marc Simonetti.Décadas después de la batalla del Día del Juicio Final, la Tierra es próspera gracias al conocimiento transferido por Trisolaris. Pero la humanidad se ha vuelto autocomplaciente… ¿Alcanzará las estrellas, o morirá en su cuna?",https://assets.lectulandia.co/b/ab/Liu%20Cixin/El%20fin%20de%20la%20muerte%20Edicion%20ilustrada%20(10)/big.jpg,https://ww3.lectulandia.co/book/el-fin-de-la-muerte-edicion-ilustrada/,2026-09-15 02:31:11,Ciencia Ficción
Dune: La saga completa,Brian Herbert,"Ciencia ficción, Novela",Libro 0 de:Dune,"La mayor epopeya de la ciencia ficción de todos los tiempos.Dunees una de las sagas de ciencia ficción más influyentes de la historia, escrita originalmente por Frank Herbert.Ambientada en un futuro remoto, la trama explora temas complejos como la ecología planetaria, el misticismo, la política feudal interestelar y los peligros de seguir ciegamente a líderes mesiánicos.La serie consta de los seis libros escritos por Frank Herbert:Dune,El Mesías de Dune,Hijos de Dune,Dios Emperador de Dune,Herejes de DuneyCasa Capitular Dune; a las que hay que añadir las escritas por su hijo Brian Herbert y Kevin J. Anderson, tras la muerte del autor:Cazadores de DuneyGusanos de arena de Dune, basadas en las notas originales de Frank para estas novelas.",https://assets.lectulandia.co/b/ab/Frank%20Herbert/Dune%20La%20saga%20completa%20(19)/big.jpg,https://ww3.lectulandia.co/book/dune-la-saga-completa/,2026-09-15 02:31:14,Ciencia Ficción
Señales desde las estrellas,Jeff Sutton,"Ciencia ficción, Novela",N/A,"Algo ha cambiado. El mundo parece el mismo, pero el alma de la humanidad se está apagando.Blake es un «sensitivo», un hombre condenado a percibir lo que otros ignoran. Mientras la alta sociedad baila en fiestas resplandecientes, él siente un frío que no proviene del viento. Los rostros familiares se están convirtiendo en máscaras, y el calor humano está siendo reemplazado por una eficiencia fría y alienígena. La humanidad está siendo suplantada silenciosamente por algo que no pertenece a la Tierra.Desde los confines oscuros del espacio profundo llega un murmullo persistente y perturbador: «Estamos aquí».Cuando Blake conoce a Ann, cuyo violín solitario llora por un mundo agonizante, se da cuenta de que no es el único que ve la verdad. Pero la esperanza se encuentra a cientos de miles de kilómetros de distancia. A través de la desolada superficie lunar, un científico llamado Randall huye con un secreto que podría salvar los restos del mundo libre o sellar su destino para siempre.El tiempo se agota. El susurro es cada vez más fuerte. Y las estrellas ya no son sólo luces distantes: son ojos hambrientos que observan nuestro final.",https://assets.lectulandia.co/b/ab/Jeff%20Sutton/Senales%20desde%20las%20estrellas%20(2)/big.jpg,https://ww3.lectulandia.co/book/senales-desde-las-estrellas/,2026-09-15 02:31:17,Ciencia Ficción
Más Allá 20,Francisco Baltzer,"Ciencia ficción, Fantástico, Publicaciónes periódicas, Relato",Libro 20 de:Más Allá,"REVISTA MENSUAL DE AVENTURAS APASIONANTES EN EL MUNDO DE LA MAGIA CIENTIFICAEnero-1955Novelas cortas:* Veraneo,por Francisco Baltzer* Sin mayor importancia,por Charles OliverCuentos*Encuentro Nocturno(una crónica marciana),por Ray Bradbury*El Marciano(una crónica marciana),por Ray Bradbury* ¡Y van tres!, por H. L. Gold* Materia prima, por Julián de Córdoba* Terror espacial, por Harry Walton* El Espía,por Frank M. RobinsonAventuras de la mente* El Fin del Mundo, por Kennet Heuer* La maquina del tiempoyGeografía y estaturaNovedades cósmicas*Correspondencia*Espaciotesty susRespuestas* Hoy es el pivote(Editorial)",https://assets.lectulandia.co/b/ab/AA%20VV/Mas%20Alla%2020%20(1224)/big.jpg,https://ww3.lectulandia.co/book/mas-alla-20/,2026-09-15 02:31:19,Ciencia Ficción
El sueño o La astronomía de la luna,Johannes Kepler,"Astronomía, Aventuras, Ciencia ficción, Historia, Novela, Referencia",N/A,"Traducción de la obra del humanista y fundador de la ciencia moderna del XVI Johannes Kepler, escrita originalmente en latín.EnEl sueñooLa Astronomía de la Luna, Johannes Kepler, uno de los padres fundadores de la ciencia moderna, narra un viaje imaginario al satélite de la tierra. Su protagonista, Duracoto, describe los nuevos cielos traídos por la ciencia del astrónomo Copérnico. Allí el viajero encuentra ciudades y extraños pobladores bajo un cielo que muestra un aspecto y unos movimientos muy diferentes a los del terrestre. Kepler anota con toda su sabiduría astronómica cada pormenor de su historia.",https://assets.lectulandia.co/b/ab/Johannes%20Kepler/El%20sueno%20o%20La%20astronomia%20de%20la%20luna%20(2)/big.jpg,https://ww3.lectulandia.co/book/el-sueno-o-la-astronomia-de-la-luna/,2026-09-15 02:31:22,Ciencia Ficción
El bosque oscuro (Edición ilustrada),Liu Cixin,"Ciencia ficción, Novela",Libro 2 de:Trilogía de los Tres Cuerpos,"Edición ilustrada del gran fenómeno de la ciencia ficción que ha conquistado el mundo, con ilustraciones a color del artista Marc Simonetti.La Tierra tiene cuatro siglos para defenderse de Trisolaris. Los colaboracionistas pueden haber sido derrotados, los sofones tal vez revelen toda posible defensa. Solo la mente humana sigue siendo un secreto.",https://assets.lectulandia.co/b/ab/Liu%20Cixin/El%20bosque%20oscuro%20Edicion%20ilustrada%20(11)/big.jpg,https://ww3.lectulandia.co/book/el-bosque-oscuro-edicion-ilustrada/,2026-09-15 02:31:24,Ciencia Ficción
El problema de los Tres Cuerpos (Edición ilustrada),Liu Cixin,"Ciencia ficción, Novela",Libro 1 de:Trilogía de los Tres Cuerpos,"Edición ilustrada del gran fenómeno de la ciencia ficción que ha conquistado el mundo, con ilustraciones a color del artista Marc Simonetti.El problema de los Tres Cuerpos es la clave de todo: de la muerte de varios científicos, de una conspiración que abarca años luz y de la amenaza de la extinción de la humanidad.Empieza en el contexto de la Revolución Cultural china, cuando un proyecto militar secreto envía señales al espacio para contactar con extraterrestres.",https://assets.lectulandia.co/b/ab/Liu%20Cixin/El%20problema%20de%20los%20Tres%20Cuerpos%20Edicion%20ilustrada%20(12)/big.jpg,https://ww3.lectulandia.co/book/el-problema-de-los-tres-cuerpos-edicion-ilustrada/,2026-09-15 02:31:26,Ciencia Ficción
Ahora todo es mejor,Neal Shusterman,"Ciencia ficción, Distopía, Novela",N/A,"En el futuro, la felicidad es una enfermedad contagiosa. Y los riesgos de contraerla son tan peligrosos como la cura.En todo el mundo se está propagando un virus y los supervivientes experimentan efectos inesperados: una satisfacción absoluta. Poco después de la infección, las personas descubren que el estrés, la tristeza, la ansiedad y otras emociones negativas han desaparecido.A medida que la población empieza a disfrutar del alivio masivo, surge el descontento en los estratos más altos: quienes se lucran a costa de la inseguridad para vender sus productos (¡con envíos cada vez más rápidos!) saben que la situación les perjudica. Sin la insatisfacción como motor de consumo, muchos acusan una bajada de beneficios…Mientras todos se guían por sus propios intereses, tres adolescentes se ven en el epicentro de un juego de poder y de una pandemia de felicidad, algo aparentemente maravilloso que plantea muchos interrogantes sobre nuestra forma de vivir. Y algo que podría cambiar para siempre a la humanidad.",https://assets.lectulandia.co/b/ab/Neal%20Shusterman/Ahora%20todo%20es%20mejor%20(16)/big.jpg,https://ww3.lectulandia.co/book/ahora-todo-es-mejor/,2026-09-15 02:31:29,Ciencia Ficción
Más Allá 18,F. L. Wallace,"Ciencia ficción, Fantástico, Publicaciónes periódicas, Relato",Libro 18 de:Más Allá,"Revista mensual de aventuras apasionantes en el mundo de la magia científicaNoviembre-1954Novela:* Los Señores del Tiempo, por Wilson Tucker (1ª parte)Cuentos* La tercera expedición(una crónica marciana), por Ray Bradbury* El billete de loteria,por William Tenn* Materia de estudio,por F. L. Wallace* Señor Presidente,por Stephen Arr* Cadena de órdenes,por Stephen Arr*Lulungomena, por Gordon DicksonAventuras de la mente:* La vida en el universo: los planetas gigantes,por Gron Aguirre y Ángel Gide* La S. A. L., Pioneros argentinos del espacioNovedades cósmicas:* Espaciotest* Correspondencia:Proyectiles dirigidos y respuestas científicas.* Trípode de optimismo(Editorial)",https://assets.lectulandia.co/b/ab/AA%20VV/Mas%20Alla%2018%20(1222)/big.jpg,https://ww3.lectulandia.co/book/mas-alla-18/,2026-09-15 02:31:31,Ciencia Ficción
Sistemas críticos (trad. Carlos Loscertales),Martha Wells,"Ciencia ficción, Novela",Libro 1 de:Los diarios de Matabot,"Un grupo de científicos están explorando un lejano planeta acompañados de un androide que vela por su seguridad. Pero el androide ha tomado conciencia de su propia existencia en secreto y, siempre que le es posible, intenta evitar el contacto con los demás.Pero, cuando otro grupo de humanos que investigaba el mismo planeta desaparece misteriosamente, los científicos y su androide deberán descubrir qué está ocurriendo.",https://assets.lectulandia.co/b/ab/Martha%20Wells/Sistemas%20criticos%20(7)/big.jpg,https://ww3.lectulandia.co/book/sistemas-criticos-trad-carlos-loscertales/,2026-09-15 02:31:34,Ciencia Ficción
Viaje en el tiempo,Denise Côté,"Ciencia ficción, Fantástico, Infantil, Relato",N/A,"Toda la familia y los amigos de Maximino se encuentran reunidos para festejar su cumpleaños. Después de almorzar, Maximino y Jo deciden salir a dar un paseo.De pronto descubren en la recámara de Maximino un par de botines viejos. Maximino los toma y empieza así una extraordinaria aventura en el tiempo, que ellos jamás hubiesen creído posible.",https://assets.lectulandia.co/b/ab/Denise%20Cote/Viaje%20en%20el%20tiempo%20(1)/big.jpg,https://ww3.lectulandia.co/book/viaje-en-el-tiempo/,2026-09-15 02:31:36,Ciencia Ficción
Los creadores del mundo,Belén Vargas Gómez,"Ciencia ficción, Novela",N/A,"Tras la gran guerra química que ha acabado con toda la vida en el planeta Tierra, los humanos han emigrado a un nuevo planeta para continuar su historia. La capital, Kigen, es controlada por la asfixiante Guardia de la Verdad que mantiene a los ciudadanos al servicio de Pangea, la máquina madre que da forma a la energía del núcleo del planeta. Nathan, un cazarrecompensas al servicio de las órdenes de los Creadores decide replantearse la verdad del sistema que los gobierna y somete.",https://assets.lectulandia.co/b/ab/Belen%20Vargas%20Gomez/Los%20creadores%20del%20mundo%20(1)/big.jpg,https://ww3.lectulandia.co/book/los-creadores-del-mundo/,2026-09-15 02:31:39,Ciencia Ficción
Auroras y horizontes,José Luis Zárate,"Ciencia ficción, Relato",N/A,"Auroras y horizontes es el resultado de un ya largo recorrido por los caminos de la literatura de Ciencia Ficción mexicana. Los más aventajados exponentes de este género están reunidos en esta antología. Los 28 ganadores de 1984 a 2012 exceptuando el año de 1994 del Premio Nacional de Cuento Fantástico y de Ciencia Ficción conforman esta obra y son, a la vez, muestra fidelísima tanto de la evolución como del estado del arte de la Ciencia Ficción en nuestro país.",https://assets.lectulandia.co/b/ab/Jose%20Luis%20Zarate/Auroras%20y%20horizontes%20(2)/big.jpg,https://ww3.lectulandia.co/book/auroras-y-horizontes/,2026-09-15 02:31:41,Ciencia Ficción
El planeta Argentia,John T. Phillifent,"Ciencia ficción, Novela",N/A,"Le dijeron a John Lampart que tendría que modificar por completo su metabolismo para sobrevivir en Argentia. Dado que ese planeta desconocido era su hallazgo más valioso, aceptó. Aterrizó en Argentia, con la piel dorada y diferente. Había esperado encontrarse en un mundo estéril, destinado a dos años de duro trabajo. Pero Argentia tenía vida propia, de un tipo distinto: extraña, salvaje e infinitamente desafiante.El planeta Argentia es una novela sobre un hombre que se enfrenta a un planeta fantásticamente extraño, y sobre la chica que se atrevió a intervenir.",https://assets.lectulandia.co/b/ab/John%20T%20Phillifent/El%20planeta%20Argentia%20(1)/big.jpg,https://ww3.lectulandia.co/book/el-planeta-argentia/,2026-09-15 02:31:43,Ciencia Ficción
El último policía,Ben H. Winters,"Ciencia ficción, Novela",Libro 1 de:El último policía,"«¿Qué sentido tiene resolver asesinatos si muy pronto todos estaremos muertos?». El detective Hank Palace lleva haciéndose esta pregunta desde que empezaron a oírse las noticias sobre el asteroide 2011GV1. No hay ninguna oportunidad de sobrevivir. Ninguna esperanza. Solo quedan seis preciadísimos meses para vivir antes del impacto. Ante la llegada del Apocalipsis, la economía cae en picado y las cosechas se pudren en los campos. Las iglesias se llenan. La gente de todo el mundo ha abandonado sus puestos de trabajo, pero no Hank Palace. Él se ha puesto a investigar una muerte por ahorcamiento en una ciudad con docenas de suicidios cada semana. Porque hay algo que no encaja, algo sospechoso. Y Palace es el único policía al que le importa.",https://assets.lectulandia.co/b/ab/Ben%20H%20Winters/El%20ultimo%20policia%20(1)/big.jpg,https://ww3.lectulandia.co/book/el-ultimo-policia/,2026-09-15 02:31:46,Ciencia Ficción
Universo Andy Weir,Andy Weir,"Ciencia ficción, Novela",N/A,"Descubre el universo de Andy Weir en un solo volumen:El marciano,Proyecto Hail MaryyArtemisa, tres aventuras de ciencia ficción que redefinen el ingenio, la supervivencia y la exploración espacial.El marciano– Mark Watney es abandonado en Marte tras una tormenta devastadora. Dado por muerto y completamente aislado, su supervivencia depende de su ingenio, sentido del humor y rigurosos cálculos científicos. Una historia de resistencia humana en condiciones extremas, cargada de tensión y esperanza.Proyecto Hail Mary– Ryland Grace despierta solo a millones de kilómetros de la Tierra, sin memoria, con dos compañeros muertos y una misión imposible: salvar a la humanidad de una amenaza estelar. Con inteligencia, humor y cooperación inesperada, emprenderá el viaje más audaz jamás imaginado.Artemisa– En la primera ciudad lunar, Artemisa, la vida es dura para los que no son turistas ni magnates. Jazz Bashara acepta un encargo peligroso que la sumerge en una conspiración que podría cambiar el destino de la ciudad. Entre contrabando, engaños y saltos de baja gravedad, descubre que en el espacio nadie está exento de conflictos.",https://assets.lectulandia.co/b/ab/Andy%20Weir/Universo%20Andy%20Weir%20(5)/big.jpg,https://ww3.lectulandia.co/book/universo-andy-weir/,2026-09-15 02:31:48,Ciencia Ficción
Más Allá 16,Fredric Brown,"Ciencia ficción, Fantástico, Publicaciónes periódicas, Relato",Libro 16 de:Más Allá,"Revista mensual de aventuras apasionantes en el mundo de la magia científica.Septiembre-1954Novela corta:*Nervios, por Lester del ReyCuentos:*Tensión superficial, por James Blish*El pasajero, por Kenneth Harmon*Venus, mundo para hombres, por William Tenn*El lanzamiento, por John Christopher*Uno y dos, por Frederic BrownArtí­culos cientí­ficos:*El misterio de los mellizos*Calor legal*Más allá del átomoNovedades cósmicas:*La vida en el Universo: Marte, por Gron Aguirre y Ángel Gide* Espaciotest y sus respuestas* Contestando a los lectores* Sinfonía de la ciencia (Editorial)",https://assets.lectulandia.co/b/ab/AA%20VV/Mas%20Alla%2016%20(1218)/big.jpg,https://ww3.lectulandia.co/book/mas-alla-16/,2026-09-15 02:31:51,Ciencia Ficción
La última luz de Traila,Isa J. González,"Ciencia ficción, Fantástico, Novela",N/A,"Kenichi flota en el espacio. La nave en la que viajaba ha sufrido un accidente, y él parece el único superviviente. Su deriva es también la de una civilización casi extinta que busca un nuevo hogar en las estrellas. Su mensaje de socorro: un pequeño pulso en el vacío.La suerte parece cambiar cuando otra nave acude a la llamada, pero pronto descubrirá que su salvación le pone frente a un nuevo desafío. La nave que le recoge pertenece a la raza zestiana, con quienes compartían Tralia, su planeta de origen, y ahora, una vez más, ambos pueblos vuelven a compartir destino.Los zestianos están también al límite de sus esperanzas e, igual que sus antiguos vecinos, recorren el espacio en una búsqueda a contrarreloj: una extraña enfermedad ha diezmado a sus tripulantes y amenaza al grupo, cuyas vidas y misión pueden llegar a estar en manos de un extraño.Rune, Tyra, Eyra, Sigrid… Cada tripulante arrastra sus miedos, y a los fantasmas que pueblan la nave hay que sumar uno mayor: la sombra del planeta perdido y las dudas sobre si encontrarán o no un nuevo principio. Todos deberán esforzarse en superar sus traumas y su desconfianza para entrelazar su destino en una trayectoria común.",https://assets.lectulandia.co/b/ab/Isa%20J%20Gonzalez/La%20ultima%20luz%20de%20Traila%20(2)/big.jpg,https://ww3.lectulandia.co/book/la-ultima-luz-de-traila/,2026-09-15 02:31:53,Ciencia Ficción
Una mirada a Alice B. Sheldon,James Tiptree Jr.,"Ciencia ficción, Relato",N/A,"¿Qué ocurriría si en la Tierra no quedaran hombres? ¿Cómo podría ser el primer contacto con una raza alienígena a la que no puedes ver? ¿Qué pasaría si los hombres no tuvieran empatía con las mujeres? Estas y otras preguntas son las que se plantea Alice B. Sheldon en los tres relatos seleccionados para esta antología.ConUna mirada a Alice B. Sheldonrescatamos la emblemática figura de esta escritora que pasó más de una década bajo el seudónimo masculino de James Tiptree, Jr. Esta colección contiene los relatos «Houston, Houston, ¿me recibes?» y «Esterilidad forzada», con una nueva traducción; «Lo mejor que podemos hacer», inédito hasta ahora en español, y el ensayo «Una mujer escribiendo ciencia ficción», escrito poco antes de su muerte.En «Houston, Houston, ¿me recibes?» la nave espacialPájaro Solarvaga por el espacio después de que una llamarada solar afecte a su sistema de navegación. Desesperados, los tres miembros de la tripulación piden ayuda y, al poco tiempo, comienzan a recibir comunicaciones extrañas. ¿Por qué ahora las misiones espaciales están comandadas por mujeres?En «Esterilidad forzada», una extraña secta se expande por el planeta como la pólvora. Los Hijos de Adán, sumidos en una histeria colectiva, cometen violentos asesinatos contra las mujeres. La prensa los trata como casos aislados, pero, ¿lo son en realidad?Coati lo tiene todo preparado para escaparse de casa en su nave espacial. Su objetivo: llegar a la frontera más próxima de la Federación, cerca del Gran Abismo Septentrional, y ser la primera en viajar a estrellas sin explorar. En «Lo mejor que podemos hacer» acompañaremos a Coati en su aventura por el espacio, donde conseguirá ser la primera en contactar con una nueva raza alienígena.Esta edición incluye un prólogo y varios análisis de los relatos para situar las obras en el contexto de la emocionante y controvertida vida de Alice B. Sheldon, también conocida como James Tiptree, Jr.«Una prosa exquisita y lírica. Posee una perspicacia aguda y la habilidad de describir lo insólito dentro de lo ordinario» – Publishers Weekly",https://assets.lectulandia.co/b/ab/James%20Tiptree%20Jr/Una%20mirada%20a%20Alice%20B%20Sheldon%20(6)/big.jpg,https://ww3.lectulandia.co/book/una-mirada-a-alice-b-sheldon/,2026-09-15 02:31:56,Ciencia Ficción
Saga la Fundación,Isaac Asimov,"Ciencia ficción, Novela",N/A,"Sumérgete en el universo más ambicioso de la ciencia ficción clásica con este estuche que reúne los siete volúmenes delCiclo de la Fundación. Una saga colosal que explora temas eternos como el poder, la corrupción, la fe, la ciencia, la política, el destino de los imperios y la identidad de la humanidad.Desde los albores de Trántor la capital del Imperio Galáctico, Hari Seldon desarrolla la psicohistoria, una ciencia revolucionaria para prever catástrofes cósmicas y alterar el curso del futuro. Con precuelas comoPreludio a la FundaciónyHacia la Fundación, conocerás las raíces de la teoría, los intrincados juegos del poder imperial y los silenciosos conflictos que preparan el terreno para lo que está por venir. Luego emergen los clásicos fundamentales:Fundación,Fundación e ImperioySegunda Fundación, donde el equilibrio del universo corre peligro por amenazas internas, guerras planetarias y figuras inesperadas que retan toda predicción. Finalmente,Los límites de la FundaciónyFundación y Tierraconcluyen una odisea épica: viajes interestelares, misterios ancestrales, descubrimientos impactantes y la búsqueda de los orígenes humanos.Este ciclo integral no solo es lectura imprescindible para fans de la ciencia ficción, sino también para quienes buscan historias que combinan imaginación, reflexión filosófica, estrategias políticas y aventuras épicas. Un clásico universal traducido para apasionar generaciones, ideal tanto para coleccionar como para explorar el poder de la psicohistoria, los dilemas morales y la grandeza de lo desconocido.",https://assets.lectulandia.co/b/ab/Isaac%20Asimov/Saga%20la%20Fundacion%20(138)/big.jpg,https://ww3.lectulandia.co/book/saga-la-fundacion/,2026-09-15 02:31:58,Ciencia Ficción
Inmanencia,Víctor Lapuente,"Ciencia ficción, Distopía, Intriga, Novela",N/A,"¿Qué estarías dispuesto a sacrificar para construir un mundo mejor? ¿Qué precio estarías dispuesto a pagar?En 1996, Martín, Miriam y Pablo, tres adolescentes de Chalamera, un pueblo junto al desierto de los Monegros, descubren un misterio oculto entre las ruinas de un castillo templario. Pero lo que comienza como un juego pronto los enfrenta a fuerzas oscuras que protegerán a toda costa un objeto milenario: el Santo Grial.En 2025, Martín despierta de un coma en Gotemburgo, donde investiga sobre ciber-democracia. Y recuerda que, hace un año, recibió una propuesta de Emma, una empresaria tan fascinante como peligrosa. Lo que parece una oportunidad para cambiar la humanidad se convierte en una carrera contra el tiempo que lo llevará de Barcelona a Oxford pasando por Bogotá. En 2086, la República de Occidente vive bajo la guía de FRIDA, una inteligencia artificial que garantiza la libertad absoluta de todas las personas. Pero Anna descubre en una biblioteca olvidada un secreto que podría derrumbar este mundo perfecto.Tres épocas. Tres vidas conectadas por un enigma que podría salvar el mundo... o destruirlo.",https://assets.lectulandia.co/b/ab/Victor%20Lapuente/Inmanencia%20(1)/big.jpg,https://ww3.lectulandia.co/book/inmanencia/,2026-09-15 02:32:01,Ciencia Ficción
La única criatura enorme e inofensiva,Brooke Bolander,"Ciencia ficción, Novela",N/A,"Kat tiene una misión ridícula si no fuese crucial para una especie humana en horas bajísimas: convencer a las elefantas matriarcas para que tiñan su piel de verde radiactivo, y convertirse así en balizas que adviertan del peligro invisible que se esconde bajo la montaña.Muchos años antes, la joven Regan crea un extraño vínculo con Topsy, una elefanta usada para manipular uranio cuando las trabajadoras humanas comienzan a morir. Pero también hablan las elefantas: voces que se cantan, en la oscuridad, para conservar la memoria de una injusticia remota.La única criatura enorme e inofensiva, debut literario de Brooke Bolander y ganadora del premio Locus y el Nébula, se presenta como una fábula siniestra; una historia alternativa que nace de sucesos reales y reinterpreta el mundo contra el poder y la violencia; contra la explotación de las mujeres y de los animales.Acompaña al texto un prólogo de Ainhoa Goñi, que aporta las claves históricas sobre las que se basa la novela.",https://assets.lectulandia.co/b/ab/Brooke%20Bolander/La%20unica%20criatura%20enorme%20e%20inofensiva%20(1)/big.jpg,https://ww3.lectulandia.co/book/la-unica-criatura-enorme-e-inofensiva/,2026-09-15 02:32:03,Ciencia Ficción
Más Allá 15,Arthur Sellings,"Ciencia ficción, Fantástico, Publicaciónes periódicas, Relato",Libro 15 de:Más Allá,"Revista mensual de aventuras apasionantes en el mundo de la magia científicaAgosto-1954Novela corta:*Sarita, por Isaac Asimov*Testarudos, por J. T. McIntoshAventuras del pensamiento:*La exploración de Marte, por Hugo Gernsback*¿Dónde estábamos?, por L. Sprague de Camp*¿Adónde vamos?, por Robert A. HeinleinCuentos:*ZEN, por Jerome Bixby*Arma escrupulosa, por Howard L. Myers*Carnívora, por G. A. Morris*Los muchachos de Vespis, por Arthur Sellings*Operación silencio, por William TennArtículos científicos:*¿Es esto el fin de la parálisis infantil?Novedades cósmicas:*La vida en el Universo: Venus,por Gron Aguirre y Ángel Gide* Espaciotest y sus respuestas* Contestando a los lectores* Ultratrompetas de Jericó (Editorial)",https://assets.lectulandia.co/b/ab/AA%20VV/Mas%20Alla%2015%20(1217)/big.jpg,https://ww3.lectulandia.co/book/mas-alla-15/,2026-09-15 02:32:06,Ciencia Ficción
Dios Emperador de Dune (Edición ilustrada),Frank Herbert,"Ciencia ficción, Novela",Libro 4 de:Dune,"Esta cuarta entrega de la sagaDunecentra su trama en la figura mesiánica de Leto Atreides II (hijo de Paul Atreides, héroe cuya estirpe hunde sus raíces en la legendaria casa griega de los Átridas) y nos lleva, a través de diversos dilemas éticos, a comprender los mitos que necesita la humanidad y a los héroes que los encarnan.El futuro, en el mundo de Dune, pertenece solo a los que son capaces de pensar por sí mismos…Esta saga apasionante plantea por primera vez de forma completa, racional y convincente todo un mundo absolutamente diferente del nuestro.Sus referencias a los problemas ecológicos, el poder de las drogas y la fuerza psicológica de los mitos la han convertido en una obra de culto para millones de lectores en todo el mundo.",https://assets.lectulandia.co/b/ab/Frank%20Herbert/Dios%20Emperador%20de%20Dune%20(18)/big.jpg,https://ww3.lectulandia.co/book/dios-emperador-de-dune-edicion-ilustrada/,2026-09-15 02:32:08,Ciencia Ficción
Hijos de Dune (Edición ilustrada),Frank Herbert,"Ciencia ficción, Novela",Libro 3 de:Dune,"Leto Atreides, el hijo de Paul —el mesías de una religión que arrasó el universo, el mártir que, ciego, se adentró en el desierto para morir—, tiene ahora nueve años. Pero es mucho más que un niño, porque dentro de él laten miles de vidas que lo arrastran a un implacable destino.Él y su hermana gemela, bajo la regencia de su tía Alia, gobiernan un planeta que se ha convertido en el eje de todo el universo: Arrakis, más conocido como Dune.Y en este planeta, centro de las intrigas de una corrupta clase política y sometido a una sofocante burocracia religiosa, aparece de pronto un predicador ciego, procedente del desierto.¿Es realmente Paul Atreides, que regresa de entre los muertos para advertir a la humanidad del peligro más abominable?",https://assets.lectulandia.co/b/ab/Frank%20Herbert/Hijos%20de%20Dune%20Edicion%20ilustrada%20(16)/big.jpg,https://ww3.lectulandia.co/book/hijos-de-dune-edicion-ilustrada/,2026-09-15 02:32:11,Ciencia Ficción
Condición artificial (trad. Carlos Loscertales),Martha Wells,"Ciencia ficción, Novela",Libro 2 de:Los diarios de Matabot,"Tiene un oscuro pasado, uno en el que cierto número de humanos fueron asesinados. Un pasado que hizo que se pusiera el nombre de Matabot. Pero solo tiene vagos recuerdos de la masacre que dio origen a ese nombre, y quiere saber más.Aliado con un transporte de investigación al que llama TIG (no quieras saber qué significa la G), Matabot se dirige a la instalación minera en la que tuvo lugar el incidente.Lo que descubrirá allí cambiará para siempre su forma de pensar…",https://assets.lectulandia.co/b/ab/Martha%20Wells/Condicion%20artificial%20trad%20Carlos%20Loscertales%20(6)/big.jpg,https://ww3.lectulandia.co/book/condicion-artificial-trad-carlos-loscertales/,2026-09-15 02:32:13,Ciencia Ficción
El mesías de Dune (Edición ilustrada),Frank Herbert,"Ciencia ficción, Novela",Libro 2 de:Dune,"Arrakis, también llamado Dune: un mundo desierto en pos del sueño de convertirse en un paraíso, cuna de mil guerras que se han extendido por todo el universo y de un anhelo mesiánico que intenta alcanzar el sueño más antiguo de la humanidad…Paul Atreides: un personaje mítico, perturbado por la cercana presencia de una sombra dominante: su hermana Alia.Y frente a ellos, los grandes intereses económicos, políticos y religiosos que sacuden los espacios interestelares: la CHOAM, la Cofradía espacial, el Landsraad, la Bene Gesserit…Todo ello, y mucho más, conforma esta segunda entrega deDune: un fresco impresionante y una obra cumbre de la imaginación.",https://assets.lectulandia.co/b/ab/Frank%20Herbert/El%20mesias%20de%20Dune%20(15)/big.jpg,https://ww3.lectulandia.co/book/el-mesias-de-dune-edicion-ilustrada/,2026-09-15 02:32:16,Ciencia Ficción
Dune (Edición ilustrada),Frank Herbert,"Ciencia ficción, Novela",Libro 1 de:Dune,"En el desértico planeta Arrakis, el agua es el bien más preciado y llorar a los muertos, el símbolo de máxima prodigalidad. Pero algo hace de Arrakis una pieza estratégica para los intereses del Emperador, las Grandes Casas y la Cofradía, los tres grandes poderes de la galaxia. Arrakis es el único origen conocido de la melange, preciosa especia y uno de los bienes más codiciados del universo.Al duque Leto Atreides se le asigna el gobierno de este mundo inhóspito, habitado por los indómitos Fremen y monstruosos gusanos de arena de centenares de metros de longitud. Sin embargo, cuando la familia es traicionada, su hijo y heredero, Paul, emprenderá un viaje hacia un destino más grande del que jamás hubiese podido soñar.Mezcla fascinante de aventura, misticismo, intrigas políticas y ecologismo,Dunese convirtió, desde el momento de su publicación, en un fenómeno de culto y en la mayor epopeya de ciencia-ficción de todos los tiempos.La mayor epopeya de la ciencia ficción de todos los tiempos.",https://assets.lectulandia.co/b/ab/Frank%20Herbert/Dune%20Edicion%20ilustrada%20(17)/big.jpg,https://ww3.lectulandia.co/book/dune-edicion-ilustrada/,2026-09-15 02:32:18,Ciencia Ficción
El hombre bicentenario y otros cuentos,Isaac Asimov,"Ciencia ficción, Relato",N/A,"En 1976 se cumplía el bicentenario de la formación de Estados Unidos como nación. Con motivo de tal conmemoración, una revista solicitó a Isaac Asimov que escribiera un relato con el título deEl hombre bicentenario. La revista proporcionaba el título; el autor debía poner todo lo demás de su cosecha. A Asimov le dio por pensar que ningún hombre podía vivir tanto tiempo. Podía entonces tratarse de un robot, pero con la particularidad de que deseaba ser un hombre. El resultado fue el magistral relato que en su día obtuvo los premios Hugo, Locus y Nebula y que ahora da nombre a esta recopilación. Junto a él, podemos gozar de otros cuentos que han pasado ya a la historia con la categoría de grandes clásicos.",https://assets.lectulandia.co/b/ab/Isaac%20Asimov/El%20hombre%20bicentenario%20y%20otros%20cuentos%20(140)/big.jpg,https://ww3.lectulandia.co/book/el-hombre-bicentenario-y-otros-cuentos/,2026-09-15 02:32:20,Ciencia Ficción
Tótem,Armando Cuevas Calderón,"Aventuras, Ciencia ficción, Novela",N/A,"Tótem, una novela de aventuras e intriga donde las leyendas respiran y los fantasmas de la selva se sientan a la hoguera junto a hombres de corazones oscuros. El hijo de un magnate inglés ha desaparecido en el rincón menos explorado del Amazonas. Diego Santamaría, un arqueólogo desprestigiado, aceptará el encargo de buscarlo. La misión es turbia y peligrosa, pero para él representa la oportunidad de cumplir el sueño de su vida: encontrar las ruinas de una ciudad legendaria. La expedición la formarán un variopinto grupo dispuesto a adentrarse en aquel territorio ignoto y salvaje sin importarles los riesgos, y sin sospechar que la codicia humana será el mayor de sus enemigos, incluso peor que la ira de los ancestrales dioses que habitan el Amazonas.",https://assets.lectulandia.co/b/ab/Armando%20Cuevas%20Calderon/Totem%20(13)/big.jpg,https://ww3.lectulandia.co/book/totem/,2026-09-15 02:32:23,Ciencia Ficción
Escuadrón: La saga,Brandon Sanderson,"Ciencia ficción, Fantástico, Novela",Libro 0 de:Escuadrón,"La saga Escuadrón de Brandon Sanderson es una epopeya de ciencia ficción llena de batallas estelares, misterios galácticos y un destino que cambiará el universo.En un futuro lejano, la humanidad lucha por sobrevivir en un planeta hostil, asediada por fuerzas desconocidas. Spensa, una joven con el sueño de convertirse en piloto de caza estelar, deberá enfrentarse a los prejuicios del mundo que la rodea y descubrir el verdadero alcance de su potencial.A lo largo de la tetralogía, Spensa se embarca en una aventura épica llena de batallas espaciales, misterios cósmicos y revelaciones que desafiarán todo lo que creía saber sobre su gente y el universo. Con el estilo característico de Sanderson, la serie combina acción trepidante, un mundo fascinante y una protagonista inolvidable en un viaje de autodescubrimiento y valentía.«Impresionante, divertida y llena de acción».Publishers Weekly«Nadie es mejor que Sanderson escribiendo combates espaciales… Increíble».Booklist",https://assets.lectulandia.co/b/ab/Brandon%20Sanderson/Escuadron%20La%20saga%20(60)/big.jpg,https://ww3.lectulandia.co/book/escuadron-la-saga/,2026-09-15 02:32:26,Ciencia Ficción
Los monstruos del espacio,A. E. van Vogt,"Ciencia ficción, Novela",N/A,"Ésta es la emocionante novela de un grupo de osados científicos que se lanzaron en la nave espacial Beagle para explorar los secretos del universo y no tardarán en verse envueltos en una desesperada lucha por la vida.A incontables años de luz de la Tierra, en las remotas lejanías entre las estrellas, encontraron fantásticas formas de vida que sobrepasaban las más horrendas pesadillas; un monstruo tentacular y felino que se alimentaba de seres vivos; una raza de seres avimorfos con profundas facultades hipnóticas; una Cosa malvada y aterradora que podía pasar a través de la materia sólida y trató de hacer de la nave su hogar.En sus desesperadas batallas contra estas fuerzas formidables los exploradores se dieron cuenta de básicos errores en sus ciencias terrestres y cuando el único de ellos que sabía las respuestas adecuadas se vio impedido de hacer uso de sus conocimientos, comprendió que también en el espacio, como en la Tierra, el hombre puede ser su propio y más peligroso enemigo.",https://assets.lectulandia.co/b/ab/A%20E%20Van%20Vogt/Los%20monstruos%20del%20espacio%20(7)/big.jpg,https://ww3.lectulandia.co/book/los-monstruos-del-espacio/,2026-09-15 02:32:28,Ciencia Ficción
La utopía de Turing,Harry Harrison,"Ciencia ficción, Novela, Otros",N/A,"La evolución del hombre y la inteligencia artificial, en una asombrosa novela de suspense.¿Qué ocurre cuando uno de los mayores logros tecnológicos: la computadora, se combina con el órgano viviente más evolucionado de la creación: el cerebro humano?Esta fascinante posibilidad es desarrollada por el experto en inteligencia artificial Marvin Minsky y por uno de los escritores de ciencia-ficción más celebrados de la actualidad: Harry Harrison. El resultado de esta colaboración es una novela atrapante donde se exploran los avances científicos más osados a través de una trama de impecable suspense. Todo comienza cuando Brian Delaney, genio de las matemáticas que se encuentra al borde de un descubrimiento trascendental en el campo de la inteligencia artificial, es brutalmente atacado en su laboratorio, donde sus asesinos lo dejan por muerto…Una magnífica historia que nos conduce hasta los límites de la actual tecnología y abre las puertas de un mañana provocativo y escalofriante.",https://assets.lectulandia.co/b/ab/Harry%20Harrison/La%20utopia%20de%20Turing%20(17)/big.jpg,https://ww3.lectulandia.co/book/la-utopia-de-turing/,2026-09-15 02:32:30,Ciencia Ficción
Lo encontrado y lo perdido,Ursula K. Le Guin,"Ciencia ficción, Fantástico, Relato",N/A,"Todas las novelas cortas de Ursula K. Le Guin, ícono de la literatura fantástica, reunidas por primera vez en un solo volumenDesde civilizaciones futuristas hasta reinos de fantasía, estas historias muestran la maestría de Le Guin al imaginar sociedades complejas y personajes profundamente humanos, así como su genio a la hora de tratar temas como el poder, la identidad, la conexión humana o el significado de la vida.Ursula K. Le Guin ha recibido múltiples premios y reconocimientos, desde la Medalla por Contribución Distinguida a las Letras Americanas hasta la Newbery Honor, y premios como el Nébula, el Hugo, el World Fantasy y el PEN/Malamud. A lo largo de los años, su obra ha sido recopilada en diversas ediciones, pero esta es la primera que reúne sus relatos más extensos.Relatos incluidos:1.Más vasto que los imperios y más lento2.Chicas búfalo, ¿no salís esta noche?3.Hernes4.La cuestión de Seggri5.Un pescador del Mar Interior6.El día del perdón7.Un hombre del pueblo8.La liberación de una mujer9.Música Antigua y las mujeres esclavas10.El descubridor11.En el Gran Pantano12.Dragónvolador13.Paraísos perdidos",https://assets.lectulandia.co/b/ab/Ursula%20K%20Le%20Guin/Lo%20encontrado%20y%20lo%20perdido%20(28)/big.jpg,https://ww3.lectulandia.co/book/lo-encontrado-y-lo-perdido/,2026-09-15 02:32:33,Ciencia Ficción
Mistborn: Wax & Wayne,Brandon Sanderson,"Ciencia ficción, Fantástico, Novela",Libro 0.1 de:Nacidos de la bruma,"Una serie de tensión, intriga política y mágica. Unmust havede la mano del gran renovador de la fantasía del siglo XXI, Brandon Sanderson.Trescientos años después de los eventos de la Trilogía Mistborn, Scadrial se encuentra al borde de la modernidad: ferrocarriles, canales, iluminación eléctrica, rascacielos… Y aunque la ciencia y tecnología juega un papel importante en el desarrollo de la ciudad, la antigua magia de la alomancia sigue siendo fundamental.Mistborn es la saga que ha convertido a Brandon Sanderson en el gran autor de fantasía del siglo XXI. Más de diez millones de ejemplares vendidos en todo el mundo.",https://assets.lectulandia.co/b/ab/Brandon%20Sanderson/Mistborn%20Wax%20%20Wayne%20(59)/big.jpg,https://ww3.lectulandia.co/book/mistborn-wax-wayne/,2026-09-15 02:32:35,Ciencia Ficción
El hombre bicentenario,Isaac Asimov,"Ciencia ficción, Relato",N/A,"Un clásico entre los clásicos de la ciencia ficción.«Esta historia, que apareció por primera vez en 1976, fue mi exposición más clarividente del desarrollo de los robots. Trataba del deseo de un robot de convertirse en hombre y la forma en que realizaba este deseo, paso a paso. No tenía intención de escribir esta historia cuando la empecé, se escribió sola, y se trazó y entrelazó en la máquina de escribir. Acabó siendo la tercera de mis historias favoritas, entre todas las escritas.»Isaac AsimovEl hombre bicentenario, merecedora de los prestigiosos premios Hugo y Nebula, fue escrita originalmente por encargo para una antología de relatos conmemorativa del bicentenario de la independencia de Estados Unidos que nunca se publicó. Poco más que añadir a las palabras que Asimov dedica a este relato en la introducción que escribió en 1990 para la antologíaVisiones de Robot:disfruten de la lectura.",https://assets.lectulandia.co/b/ab/Isaac%20Asimov/El%20hombre%20bicentenario%20(139)/big.jpg,https://ww3.lectulandia.co/book/el-hombre-bicentenario/,2026-09-15 02:32:38,Ciencia Ficción
El Planeta prodigioso,José María Salaverría,"Ciencia ficción, Novela",N/A,"La novela combina la divulgación científica con una visión humanista y literaria sobre la Tierra. A diferencia de una novela de ficción tradicional, este libro se presenta como un recorrido descriptivo y reflexivo sobre el mundo. Su título alternativo,Un mundo al descubierto, resume perfectamente su intención: mostrar las maravillas del planeta desde una perspectiva moderna para su época.Salaverría reelaboró y reeditó el relato en 1929, cinco años después de su primera publicación, incluyéndolo en la colecciónLa Novela de Hoybajo el nuevo títuloUn mundo al descubierto. En algunas ediciones de la colecciónLa Novela de Hoy(1929, año VIII, n.º 360), el libro presenta una ambigüedad:El planeta prodigiosoaparece en la portada interna yUn mundo al descubiertoen la cubierta exterior.",https://assets.lectulandia.co/b/ab/Jose%20Maria%20Salaverria/El%20Planeta%20prodigioso%20(1)/big.jpg,https://ww3.lectulandia.co/book/el-planeta-prodigioso/,2026-09-15 02:32:40,Ciencia Ficción
La tierra fragmentada,N. K. Jemisin,"Ciencia ficción, Fantástico, Novela",Libro 0 de:La tierra fragmentada,"La tierra fragmentada(The Broken Earth) es una trilogía género fantástico y ciencia ficción, escrita por la autora estadounidense N. K. Jemisin.Esta trilogía hizo historia al ser la primera saga en la que sus tres volúmenes ganaron consecutivamente el Premio Hugo a la Mejor Novela en 2016, 2017 y 2018.La historia se compone de los siguientes títulos:La quinta estación(2015),El portal de los obeliscos(2016) y El cielo de piedra (2017).La trama transcurre en un continente llamado La Quietud, un mundo geológicamente inestable donde ocurren cataclismos periódicos conocidos como: «la quinta estación», que amenazan con extinguir la humanidad.",https://assets.lectulandia.co/b/ab/N%20K%20Jemisin/La%20tierra%20fragmentada%20(12)/big.jpg,https://ww3.lectulandia.co/book/la-tierra-fragmentada/,2026-09-15 02:32:43,Ciencia Ficción
"Bill, el héroe galáctico. ¡El final de la epopeya!",David Harris,"Ciencia ficción, Humor, Novela",Libro 7 de:Bill héroe galáctico,"Grandote, fortachón, encefalograma plano: el ejército hizo de Bill el perfecto soldado de las galaxias, el perfecto peón de la épica lucha entre la cultura y la civilización terráqueas y todos los imperios del mal (son muchos) del universo, el perfecto fantaseador sexual y el perfecto aspirante a la muerte por cirrosis alcohólica. Pertrechado con dos brazos derechos -el que cuelga de su hombro izquierdo es negro, rescatado, tras la muerte de un camarada, por un cirujano militar poco escrupuloso-; un glorioso colmillo procedente del más sanguinario de los muy sanguinarios instructores de reclutas, y de un pie (o una sucesión de pies, todos insatisfactorios: ¿quién va a molestarse en buscar buenos pies a los soldados rasos?) en sustitución del que se había volado; no puede decirse que Bill hubiera triunfado en la vida, incluso procediendo de una granja. Pero el destino, siempre misericordioso con los más brutos, le iba a deparar las más estupendas, indeseables y emocionantes pruebas…¡El final de la epopeya!Todo lo bueno se acaba, y la inspiración de los autores también. De modo que esta es ¡ay! la última entrega de las aventuras de Bill por esos mundos de Dios. Pero, a modo de traca final, Bill será el héroe -muy a pesar suyo- de una gran batalla, el primo en tercer grado de todas las batallas: la que librará el Imperio en legítima defensa contra el corrupto y ateo gobierno de Ira-¡aj!Bill bombardeará con misiles inteligentes objetivos del planeta (que tiene apetitosas minas de neutrones) y será hecho prisionero.¿Saldrá felizmente de peligrosas muertes, peligrosas mujeres y peligrosas bebidas? Todo ello lo conocerá el lector unas páginas antes de que aparezca en este libro la palabra FIN.",https://assets.lectulandia.co/b/ab/Harry%20Harrison/Bill%20el%20heroe%20galactico%20El%20final%20de%20la%20epopeya%20(16)/big.jpg,https://ww3.lectulandia.co/book/bill-el-heroe-galactico-el-final-de-la-epopeya/,2026-09-15 02:32:45,Ciencia Ficción
Abisal,Armando Cuevas Calderón,"Ciencia ficción, Novela",N/A,"Situada en mitad del océano Atlántico, a más de dos mil metros de profundidad, Utopía es el primer hábitat humano submarino del mundo. Cuando NeWorld —la corporación que financia las investigaciones de alto secreto que allí se llevan a cabo— pierde contacto con ella, saltan todas las alarmas. Convencido de la existencia de un fallo en el avanzado sistema de inteligencia artificial que controla el complejo, su director, Marc Clayton, decidirá enviar a un grupo de expertos para repararlo. Los elegidos serán: Rick Blaine, ingeniero de estructuras; Natsuki Kuriyama, doctora en informática avanzada; y Víctor Miranda, antiguo teniente de la marina española y piloto del batiscafo que los bajará hasta el abismo. Cuando el equipo comprende que ""algo"" muy extraño y peligroso sucede en las instalaciones, ya será́ tarde para escapar. Incomunicados en las profundidades abisales, sin posibilidad de huir y rodeados por toneladas de presión, el pequeño grupo deberá́ iniciar una carrera contrarreloj para descifrar el aterrador enigma que amenaza Utopía, conscientes de que mucho más que su supervivencia depende de ello.",https://assets.lectulandia.co/b/ab/Armando%20Cuevas%20Calderon/Abisal%20(11)/big.jpg,https://ww3.lectulandia.co/book/abisal/,2026-09-15 02:32:48,Ciencia Ficción
Aurora’s End,Amie Kaufman,"Ciencia ficción, Novela",Libro 3 de:Ciclo Aurora,"A tu escuadrón favorito se le ha agotado el tiempo.¿Qué ocurre cuando le pides a un puñado de perdedores, casos disciplinarios e inadaptados que salven la galaxia de un mal antiguo? Pues que dicho mal antiguo gana, por supuesto. Un momento… No tan rápido.Mientras se desataba una guerra intergaláctica y una antigua superarma amenazaba con destruir la Tierra, los miembros del Escuadrón 312 estaban trabajando juntos (es decir, entrando en pánico). Como es natural, todo salió terriblemente mal. Pero resulta que no todos los finales son finales, y el grupo dispone de una última oportunidad para reescribir el suyo. O tal vez de dos. Es complicado.Zila, Fin y Scarlett (¡y Magallanes!)… ¿podrán hacer amigos, hacer enemigos y hacer historia? Claro, no hay problema. Pero ¿qué hay de salvar la galaxia? Para eso sí que hará falta un auténtico milagro.Y en cuanto a Tyler, Kal y Auri… ¿serán capaces de aliarse con dos de los villanos más odiados de toda la Vía Láctea? Eh… De acuerdo, eso también es posible.",https://assets.lectulandia.co/b/ab/Amie%20Kaufman/Auroras%20End%20(4)/big.jpg,https://ww3.lectulandia.co/book/auroras-end/,2026-09-15 02:32:50,Ciencia Ficción
Multiverso,M. A. Rothman,"Ciencia ficción, Distopía, Intriga, Novela",Libro 1 de:Alicia Yoder,"El futuro se desmorona y él tiene la culpa. ¿Qué pasaría si tu mayor descubrimiento científico se convirtiera en la mayor amenaza para la humanidad? Michael Salomon, brillante físico de partículas, acaba de descubrir los secretos de los taquiones, unas partículas más veloces que la luz capaces de reescribir las leyes de la realidad. Pero, antes siquiera de que pueda compartir su descubrimiento, el gobierno se apodera de su investigación y un desconocido, que conoce su futuro, le advierte que su trabajo ha destruido el tiempo tal como lo conocemos. Una pesadilla lo persigue: las visiones de un bebé que no ha perdido… aún. Un gobierno que lo acecha. Una estudiante que recuerda cosas que no han hecho… aún. El experimento de Michael no solo ha abierto una puerta, sino que ha destruido los muros entre el pasado, el presente y el futuro. Ahora debe iniciar una carrera contrarreloj antes de que la versión de su persona que ya fue demasiado lejos los condene a todos».",https://assets.lectulandia.co/b/ab/M%20A%20Rothman/Multiverso%20(1)/big.jpg,https://ww3.lectulandia.co/book/multiverso-m-a-rothman/,2026-09-15 02:32:53,Ciencia Ficción
Carl el Mazmorrero,Matt Dinniman,"Ciencia ficción, Fantástico, Novela",Libro 1 de:Carl el Mazmorrero,"¡EL APOCALIPSIS SERÁ TELEVISADO!Llega la saga más adictiva y meteórica: de autoeditado a superventas con más de 3 millones de lectores.Bienvenido a la mazmorra. La supervivencia es opcional, mantener a la audiencia enganchada no.¿Sabes qué es peor que romper con tu novia? Tener que cuidar de su multipremiada gata de exhibición. ¿Y sabes qué es aún peor? Enfrentarse a una invasión alienígena, la destrucción de todas las estructuras terrestres creadas por la humanidad y la explotación sistemática de los supervivientes mediante un sádico programa de entretenimiento intergaláctico.Carl, un veterano de la Guardia Costera, y la Princesa Dónut, la gata de su exnovia, intentarán sobrevivir al fin del mundo —o pasar al siguiente nivel— en una prisión subterránea llena de trampas y digna de un videojuego. Esta mazmorra es, en realidad, el plató de unreality showcon espectadores por toda la galaxia. Goblins explosivos. Pociones mágicas. Llamas mortíferas que trafican con drogas. Está claro que no es un programa cualquiera.",https://assets.lectulandia.co/b/ab/Matt%20Dinniman/Carl%20el%20Mazmorrero%20(1)/big.jpg,https://ww3.lectulandia.co/book/carl-el-mazmorrero/,2026-09-15 02:32:55,Ciencia Ficción
Oráculo,Carter Damon,"Ciencia ficción, Novela",N/A,"Un alto mando de la Agencia Delfos, responsable de un proyecto secreto capaz de desentrañar acontecimientos del futuro, se ha suicidado. Ha dejado un mensaje críptico, redactado de su puño y letra, que anuncia un portentoso desastre que precederá a otro mayor, de carácter apocalíptico, que supondrá previsiblemente el fin de la humanidad. El contenido de esta nota pasará a tener el nombre clave de «El Legado».",https://assets.lectulandia.co/b/ab/Carter%20Damon/Oraculo%20(14)/big.jpg,https://ww3.lectulandia.co/book/oraculo/,2026-09-15 02:32:58,Ciencia Ficción
El mundo que forjamos,N. K. Jemisin,"Ciencia ficción, Fantástico, Novela",Libro 2 de:Las Ciudades Grandiosas,"La bilogía Las Ciudades Grandiosas es una obra maestra de ficción especulativa.Hay cosas que no van del todo bien en la ciudad que nunca duerme. Los avatares de Nueva York han conseguido evitar temporalmente la invasión de la Mujer de Blanco (y de paso la destrucción de todo el universo), pero el misterioso Enemigo con E mayúscula esconde poderes más sutiles bajo la manga. Un nuevo candidato a la alcaldía, experto en el arte de la retórica populista de la gentrificación, la xenofobia y la «ley y el orden», puede llegar a conseguir cambiar la naturaleza de la Gran Manzana.Para derrotarlo a él y al Enemigo que lo controla en las sombras, los avatares deberán unirse con el resto de las ciudades grandiosas. O arriesgarse a la aniquilación completa de su mundo.",https://assets.lectulandia.co/b/ab/N%20K%20Jemisin/El%20mundo%20que%20forjamos%20(11)/big.jpg,https://ww3.lectulandia.co/book/el-mundo-que-forjamos/,2026-09-15 02:33:00,Ciencia Ficción
Expedición Atticus,Armando Cuevas Calderón,"Ciencia ficción, Novela",N/A,"Víctor Costa, un viejo arqueólogo español, lleva parte de su vida buscando una famosa reliquia cristiana, sin éxito. Cuando siente perdida la esperanza de encontrarla se cruza en su camino un magnate norteamericano, Dawson Fox, dueño de una gran corporación armamentística y tecnológica. Él, respaldado por un antiguo informe escrito por un centurión romano, cree tener la información exacta de dónde se encuentra, y le propone organizar y financiar una expedición para buscarla. A ella se unirán finalmente: Sarah, doctora e hija de Víctor; Ray Bayona, un espeleólogo en horas bajas, y antigua pareja de esta; las mellizas Annika y Grete, exmilitares alemanas y escolta personal del enigmático Dawson; y Peter Li, un científico chino-americano, experto en física e informática. Las pistas les llevarán hasta las exóticas y convulsas tierras de Egipto, a las montañas nubias cerca del Mar Rojo, hasta una antigua mina de oro romana sepultada en el olvido y envuelta en una extraña leyenda de muertes y desapariciones.",https://assets.lectulandia.co/b/ab/Armando%20Cuevas%20Calderon/Expedicion%20Atticus%20(9)/big.jpg,https://ww3.lectulandia.co/book/expedicion-atticus/,2026-09-15 02:33:03,Ciencia Ficción
La guerra de los mundos de Sherlock Holmes,Manly Wade Wellman,"Ciencia ficción, Intriga, Policíaco, Relato",Libro 2 de:Pastiches de Sherlock Holmes,"Como suele suceder con todos aquellos personajes que son más fuertes que la vida, la figura de Sherlock Holmes se ha echado en falta en algunos de los acontecimientos de mayor relevancia que tuvieron lugar en su época y lugar de aventuras. Muchas veces se han extrañado los aficionados de que el detective consultor de Baker Street no midiera sus fuerzas contra Jack el Destripador o viviera la pavorosa invasión marciana que ideó el novelista H. G. Wells. Con esa idea en mente, el autor Manly Wade Wellman y su hijo Wade Wellman escribieron paraThe magazine of Fantasy and Science Fictionelcrossoverdefinitivo: una reelaboración de La Guerra de los Mundos en la que Holmes y el profesor Challenger unían sus fuerzas para derrotar a los marcianos, conformando una obra maravillosa que, hasta el momento, permanecía imperdonablemente inédita en castellano. El presente volumen, además, incluye varias piezas de H. G. Wells, incluyendo una maravilla también inédita,The Things That Live on Marsen la que Wells nos proporciona una generosa descripción de Marte, su entorno y sus habitantes, como sólo aquel pionero de la Ciencia Ficción era capaz de imaginar y que presentamos con todos sus deliciosos interiores originales, tal como aparecieron en elCosmopolitan magazine.",https://assets.lectulandia.co/b/ab/Manly%20Wade%20Wellman/La%20guerra%20de%20los%20mundos%20de%20Sherlock%20Holmes%20(2)/big.jpg,https://ww3.lectulandia.co/book/la-guerra-de-los-mundos-de-sherlock-holmes/,2026-09-15 02:33:05,Ciencia Ficción
Regreso a las estrellas,Edmond Hamilton,"Aventuras, Ciencia ficción, Novela",Libro 1 de:Barsoom Recopilatorio,"Recopilatorio de 4 historias de Edmond Hamilton (Los reyes de las estrellas, Las orillas del infinito, Las estrellas rotas y El Horror de Magallanes), y que son la contunuación de la novela “Los Reyes de las Estrellas”Además se ofrece una última historia, esta vez escrita por el matrimonio, Edmond Brackett y Leigh Brackett, Stark y los reyes de las estrellas. E inusual, ya que no escribieron nada juntos salvo ésta como excepción.",https://assets.lectulandia.co/b/ab/Edmond%20Hamilton/Regreso%20a%20las%20estrellas%20(7)/big.jpg,https://ww3.lectulandia.co/book/regreso-a-las-estrellas/,2026-09-15 02:33:08,Ciencia Ficción
Dura una eternidad y en un instante se acaba,Anne De Marcken,"Ciencia ficción, Distopía, Novela",N/A,"La protagonista de esta historia estuvo viva y fue feliz, pero hace tiempo que apenas puede recordarlo. Habita un hotel atestado de otros no muertos como ella, huéspedes que también tuvieron una vida de la que no recuerdan casi nada. Ha olvidado su propio nombre y el de la persona a la que amó, y tan solo conserva recuerdos vagos, escenas de una felicidad pretérita que aparecen deslavazadas y poco a poco se van perdiendo, como las extremidades que se desprenden de su cuerpo de no muerta. Pero ella se niega a dejar ir del todo el pasado, por lo que se lanza a la carretera en dirección al oeste, siempre hacia el oeste, en busca del lugar en el que amó y fue amada.Ganadora de los prestigiosos premios Ursula K. Le Guin y The Novel Prize,Dura una eternidad y en un instantese acaba es una de las obras más bellas, sorprendentes y divertidas de las que podamos tener memoria. «Solo los no muertos entendemos plenamente el sentido de la vida», señala uno de los personajes de esta novela alegórica y poética, que ofrece una profundísima reflexión sobre el significado de la existencia y sobre el modo en que la mortalidad lo transforma todo, a excepción, tal vez, del amor.",https://assets.lectulandia.co/b/ab/Anne%20De%20Mercken/Dura%20una%20eternidad%20y%20en%20un%20instante%20se%20acaba%20(1)/big.jpg,https://ww3.lectulandia.co/book/dura-una-eternidad-y-en-un-instante-se-acaba/,2026-09-15 02:33:10,Ciencia Ficción
"Bill, el héroe galáctico en el planeta de los placeres insípidos",David Bischoff,"Ciencia ficción, Humor, Novela",Libro 4 de:Bill héroe galáctico,"Grandote, fortachón, encefalograma plano: el ejército hizo de Bill el perfecto soldado de las galaxias, el perfecto peón de la épica lucha entre la cultura y la civilización terráqueas y todos los imperios del mal (son muchos) del universo, el perfecto fantaseador sexual y el perfecto aspirante a la muerte por cirrosis alcohólica. Pertrechado con dos brazos derechos -el que cuelga de su hombro izquierdo es negro, rescatado, tras la muerte de un camarada, por un cirujano militar poco escrupuloso-; un glorioso colmillo procedente del más sanguinario de los muy sanguinarios instructores de reclutas, y de un pie (o una sucesión de pies, todos insatisfactorios: ¿quién va a molestarse en buscar buenos pies a los soldados rasos?) en sustitución del que se había volado; no puede decirse que Bill hubiera triunfado en la vida, incluso procediendo de una granja. Pero el destino, siempre misericordioso con los más brutos, le iba a deparar las más estupendas, indeseables y emocionantes pruebas…En el planeta de los placeres insípidos. Bill, con un nuevo pie de sátiro que le ha implantado el repugnante doctor Delazny, se ha enamorado de la un tanto cursi, pero bellísima, Irma. Ésta es raptada por los dioses en castigo a un pecado de Bill, quien se ve obligado a correr grandes riesgos para rescatarla. Conocerá al paladín que busca el Santo Grial Ale y se enfrentará al deleznable Delazny en el Salvaje Oeste. Menos mal que Bill cuenta con la ayuda de su querido enemigo el chinger Bgr. No acaba del todo bien (para Bill).",https://assets.lectulandia.co/b/ab/Harry%20Harrison/Bill%20el%20heroe%20galactico%20en%20el%20planeta%20de%20los%20placeres%20insipidos%20(13)/big.jpg,https://ww3.lectulandia.co/book/bill-el-heroe-galactico-en-el-planeta-de-los-placeres-insipidos/,2026-09-15 02:33:13,Ciencia Ficción
Base Purgatorio,Armando Cuevas Calderón,"Ciencia ficción, Novela",N/A,"En un remoto lugar de la Antártida, unos científicos estudian un yacimiento localizado a cientos de metros bajo el hielo. Durante la última valoración psicológica se aprecian anomalías en su comportamiento. Alarmado, Frank Dankworth, responsable del proyecto, propone a la psiquiatra Lara Castro viajar hasta la base científica. La oferta parece irresistible: conocer el enigmático continente helado, una sustanciosa paga y la promesa de una sencilla evaluación que, probablemente, sólo detectará el estrés provocado por el confinamiento y el frío extremo. Convencida de esta gran oportunidad, la psiquiatra aceptará sin sospechar que el astuto y cínico Dankworth le oculta la verdad. El yacimiento alberga algo antiquísimo, una amenaza devastadora que ella percibirá al poco tiempo de aterrizar en la base. Será entonces cuando, aislada en uno de los rincones más inhóspitos de la Tierra, la doctora Castro deberá librar una batalla sin cuartel no sólo por su propia supervivencia, sino por el destino de toda la humanidad.",https://assets.lectulandia.co/b/ab/Armando%20Cuevas%20Calderon/Base%20Purgatorio%20(10)/big.jpg,https://ww3.lectulandia.co/book/base-purgatorio/,2026-09-15 02:33:15,Ciencia Ficción
"Bill, el héroe galáctico en el planeta de los vampiros zombis",Harry Harrison,"Ciencia ficción, Humor, Novela",Libro 5 de:Bill héroe galáctico,"Grandote, fortachón, encefalograma plano: el ejército hizo de Bill el perfecto soldado de las galaxias, el perfecto peón de la épica lucha entre la cultura y la civilización terráqueas y todos los imperios del mal (son muchos) del universo, el perfecto fantaseador sexual y el perfecto aspirante a la muerte por cirrosis alcohólica. Pertrechado con dos brazos derechos -el que cuelga de su hombro izquierdo es negro, rescatado, tras la muerte de un camarada, por un cirujano militar poco escrupuloso-; un glorioso colmillo procedente del más sanguinario de los muy sanguinarios instructores de reclutas, y de un pie (o una sucesión de pies, todos insatisfactorios: ¿quién va a molestarse en buscar buenos pies a los soldados rasos?) en sustitución del que se había volado; no puede decirse que Bill hubiera triunfado en la vida, incluso procediendo de una granja. Pero el destino, siempre misericordioso con los más brutos, le iba a deparar las más estupendas, indeseables y emocionantes pruebas…En el planeta de los vampiros zombis.En su intrépida carrera por ir de mal en peor, Bill se encuentra a bordo de la Merced, a cargo de un grupo de angelicales prisioneros (el mejor amigo que hizo era un asesino múltiple. Con hacha).El capitán de la nave era paeor; y no es que fuera muy malo, es que estaba loco. En esta compañía, Bill va a dar en un planeta habitado por unos seres monstruosos que chupan la sangre. A pesar de que él sabe que en su vida militar pueden pasarle cosas aún más espastonsas, trata de salir de allí. Y es que ya se había dicho que Bill no era muy inteligente.",https://assets.lectulandia.co/b/ab/Harry%20Harrison/Bill%20el%20heroe%20galactico%20en%20el%20planeta%20de%20los%20vampiros%20zombis%20(14)/big.jpg,https://ww3.lectulandia.co/book/bill-el-heroe-galactico-en-el-planeta-de-los-vampiros-zombis/,2026-09-15 02:33:18,Ciencia Ficción
Game Over,Javier Ikaz,"Aventuras, Ciencia ficción, Intriga, Novela",N/A,"Año 1984. En las afueras de Bilbao, Ava y sus amigos pasan aburridos el verano, sin planes emocionantes para las vacaciones. Pero todo da un vuelco cuando durante la noche de San Juan el grupo de niños descubre, en un búnker abandonado de la Guerra Civil, un artefacto extraño que no pueden identificar. No saben que es un teléfono móvil como los que existirán en el siglo XXI. Este hallazgo imposible desata una serie de acontecimientos extraños que comenzarán a investigar. Alternando entre sus yoes como niños y como adultos, Ava y sus amigos se enfrentarán no solo a una lucha por salvar su mundo de una amenaza oculta, sino también a la realidad que los espera décadas después, cuando sus sueños de la infancia han quedado atrás y ya han dado el juego de la vida por terminado.",https://assets.lectulandia.co/b/ab/Javier%20Ikaz/Game%20Over%20(7)/big.jpg,https://ww3.lectulandia.co/book/game-over/,2026-09-15 02:33:20,Ciencia Ficción
Moscú 1979,Christiane von Kuehnelt-Leddihn,"Ciencia ficción, Novela, Ucronía",N/A,"Moscú 1979, presenta un futuro totalitario en la Unión Soviética, donde el régimen comunista ha prevalecido, explorando temas de control social, individualidad, y la resistencia del espíritu humano frente a un estado opresivo, a menudo a través de una perspectiva católica conservadora y anticomunista, imaginando un mundo donde la fe y la libertad son suprimidas por una ideología dominante",https://assets.lectulandia.co/b/ab/Erik%20Ritter%20von%20KuehneltLeddihn/Moscu%201979%20(1)/big.jpg,https://ww3.lectulandia.co/book/moscu-1979/,2026-09-15 02:33:23,Ciencia Ficción
"Bill, el héroe galáctico en el planeta de los diez mil bares",David Bischoff,"Ciencia ficción, Humor, Novela",Libro 6 de:Bill héroe galáctico,"Grandote, fortachón, encefalograma plano: el ejército hizo de Bill el perfecto soldado de las galaxias, el perfecto peón de la épica lucha entre la cultura y la civilización terráqueas y todos los imperios del mal (son muchos) del universo, el perfecto fantaseador sexual y el perfecto aspirante a la muerte por cirrosis alcohólica. Pertrechado con dos brazos derechos -el que cuelga de su hombro izquierdo es negro, rescatado, tras la muerte de un camarada, por un cirujano militar poco escrupuloso-; un glorioso colmillo procedente del más sanguinario de los muy sanguinarios instructores de reclutas, y de un pie (o una sucesión de pies, todos insatisfactorios: ¿quién va a molestarse en buscar buenos pies a los soldados rasos?) en sustitución del que se había volado; no puede decirse que Bill hubiera triunfado en la vida, incluso procediendo de una granja. Pero el destino, siempre misericordioso con los más brutos, le iba a deparar las más estupendas, indeseables y emocionantes pruebas…En el planeta de los diez mil bares.¡Por fin una aventura a la medida de Bill! Persiguiendo un hippie terrorista que cobardemente se refugia en el tiempo, Bill va a parar a Mundobar, un planeta especializado en los placeres etílicos. ¡Felicidad de todos los sabores y con todas las graduaciones! Pero poco dura la alegría en la casa del pobre, y así Bill será arrastrado por su fatal sino a planetas escenario y a una Nueva York nazi. Si las de Bill no fueran aventuras tan reales como la realidad misma, sólo parecerían delirios alcohólicos.",https://assets.lectulandia.co/b/ab/Harry%20Harrison/Bill%20el%20heroe%20galactico%20en%20el%20planeta%20de%20los%20diez%20mil%20bares%20(15)/big.jpg,https://ww3.lectulandia.co/book/bill-el-heroe-galactico-en-el-planeta-de-los-diez-mil-bares/,2026-09-15 02:33:25,Ciencia Ficción
Plaza para un planeta,Glenn Parrish,"Ciencia ficción, Novela",Libro 11 de:Bolsilibros: La Conquista del Espacio,"Esta novela narra una conspiración interestelar que amenaza con destruir laTierra. El protagonista, el detectiveVic Stanton, se ve involucrado en el conflicto tras rescatar a Toit, un alienígena de la raza xilf capaz de cambiar de forma, quien estaba atrapado en una botella. Ambos deben enfrentar a los mohgrs, una facción enemiga infiltrada entre los humanos que planea detonar una autobomba en el subsuelo para fragmentar el planeta. La trama entrelaza el misterioso asesinato del magnateRaymond Andersoncon la búsqueda desesperada de la ubicación de este artefacto apocalíptico. Acompañados por la secretariaDiana Forbes, los héroes rastrean pistas hasta una mina profunda donde los invasores aceleran sus planes destructivos. El texto resalta por su atmósfera de misterio y espionaje, donde la tecnología futurista y las habilidades polimórficas de los alienígenas son elementos clave.",https://assets.lectulandia.co/b/ab/Glenn%20Parrish/Plaza%20para%20un%20planeta%20(26)/big.jpg,https://ww3.lectulandia.co/book/plaza-para-un-planeta/,2026-09-15 02:33:28,Ciencia Ficción
Trilogía del reverendo Hake,Frederik Pohl,"Ciencia ficción, Novela",N/A,"Para quien no lo recuerde, Pohl es el máximo representante de la ciencia-ficción sociológica contemporánea, el autor (en colaboración con el malogrado Cyril KornBluth) de la involvidable Mercaderes del Espacio y, más recientemente, de obras como Homo Plus y Pórtico. Una de las características de Pohl es la de escribir a menudo una ciencia-ficción tan directamente entroncada con las circunstancias actuales y situada en un futuro tan inmediato, que a menudo uno se olvida de que está leyendo una extrapolación y se siente más bien inmerso en una novela de costumbres. Basándose en el tópico (pero no por tópico menos cierto) de que 'el futuro ya está aquí', Pohl consigue crear situaciones especialmente inquietantes porque, a cada paso, uno se pregunta si aquello que parece extrapolación no estará ocurriendo ya a la vuelta de la esquina. El 'Marte enmascarado' de una de las novelas presentes no es el planeta, como cabría imaginar al tratarse de una narración de ciencia-ficción (a Pohl le encanta usar el equívoco como camino hacia la sorpresa), sino el dios grecolatino de la guerra, y su máscara es tan sutil y verosímil, que al acabar el relato no se puede evitar un estremecimiento de paranoia. Pues la tesis implícita en Mars Masked es que entre una guerra abierta que sería demasiado devastadora para todos, y una guerra fría insuficiente para lograr determinados objetivos, las grandes potencias podrían desarrollar (o estar desarrollando ya) toda una red de pequeñas y solapadas agresiones a gran escala para minar los recursos y las fuerzas de sus adversarios. En resumen, que el arma definitiva tal vez no sea la bomba de neutrones, ni el satélite asesino en órbita geoestacionaria, sino la tradicional zancadilla.",https://assets.lectulandia.co/b/ab/Frederik%20Pohl/Trilogia%20del%20reverendo%20Hake%20(12)/big.jpg,https://ww3.lectulandia.co/book/trilogia-del-reverendo-hake/,2026-09-15 02:33:30,Ciencia Ficción
"Bill, el héroe galáctico en el planeta de los esclavos robot",Harry Harrison,"Ciencia ficción, Humor, Novela",Libro 2 de:Bill héroe galáctico,"Grandote, fortachón, encefalograma plano: el ejército hizo de Bill el perfecto soldado de las galaxias, el perfecto peón de la épica lucha entre la cultura y la civilización terráqueas y todos los imperios del mal (son muchos) del universo, el perfecto fantaseador sexual y el perfecto aspirante a la muerte por cirrosis alcohólica. Pertrechado con dos brazos derechos -el que cuelga de su hombro izquierdo es negro, rescatado, tras la muerte de un camarada, por un cirujano militar poco escrupuloso-; un glorioso colmillo procedente del más sanguinario de los muy sanguinarios instructores de reclutas, y de un pie (o una sucesión de pies, todos insatisfactorios: ¿quién va a molestarse en buscar buenos pies a los soldados rasos?) en sustitución del que se había volado; no puede decirse que Bill hubiera triunfado en la vida, incluso procediendo de una granja. Pero el destino, siempre misericordioso con los más brutos, le iba a deparar las más estupendas, indeseables y emocionantes pruebas…En el planeta de los esclavos robot, es la primera de sus épicas aventuras. Bill pasará, desde la tripulación de la nave-basurero Imelda Marcos a un planeta cuya vida está basada en el metal; también aparecerá Bgrr el chinger, miembro de una raza que es algo así como el Saddam Husein del espacio: bastante inofensiva (para el Imperio), pero convertida por los terráqueos en paradigma del enemigo que hay que destruir.",https://assets.lectulandia.co/b/ab/Harry%20Harrison/Bill%20el%20heroe%20galactico%20en%20el%20planeta%20de%20los%20esclavos%20robot%20(12)/big.jpg,https://ww3.lectulandia.co/book/bill-el-heroe-galactico-en-el-planeta-de-los-esclavos-robot/,2026-09-15 02:33:33,Ciencia Ficción
Necesidad,Jo Walton,"Ciencia ficción, Fantástico, Filosófico, Novela",Libro 3 de:Tesalia,"Sesenta años después de que la Diosa Atenea fundara la Ciudad Justa de Platón, nuevas sociedades florecen en un planeta distante…La muerte de Piteas, uno de los miembros fundadores de la Ciudad Justa, devolverá la divinidad a Apolo, que al fin dejará atrás las limitaciones humanas.Pero su hermana Atenea ha tejido una compleja red de enigmas a lo largo del tiempo y el espacio que pone en riesgo la supervivencia de las ciudades platónicas.Acompañado por el fatuo dios Hermes, un peculiar alienígena y un grupo de filósofos, Apolo tratará de desentrañar los engaños de Atenea reencontrándose con viejos amigos e inesperados enemigos en la apasionante resolución de la trilogía deTesalia.",https://assets.lectulandia.co/b/ab/Jo%20Walton/Necesidad%20(5)/big.jpg,https://ww3.lectulandia.co/book/necesidad/,2026-09-15 02:33:35,Ciencia Ficción
La chica del átomo de oro,Albert Robida,"Ciencia ficción, Relato",N/A,"El volumen que el lector tiene en sus manos recoge, en una cuidada edición a cargo de Francisco J. Arellano, especialista en la materia, una selección representativa de la mejor literatura de ciencia-ficción escrita hasta mediada la década de los años 20 del siglo XX. Es la prehistoria del género, es un espléndido momento en el que ya encontramos viajes espaciales, catástrofes apocalípticas, extrañas criaturas, visiones futuristas… Y todo ello de la mano de escritores de la talla de Jack London, Rudyard Kipling, Guy de Maupassant o Emilio Salgari acompañados de espléndidas ilustraciones de la época elegidas con toda rigurosidad. En definitiva, “diversas formas de ver el mundo del futuro de la mano de algunos de los visionarios que más hicieron por tener una imagen coherente y clara del porvenir”.Contiene los relatos:- Camille Flamarion: Reflumen Temporis (1867)- Sir George T. Chesney: La batalla de Dorking (The battle of Dorking: Reminiscences of a volunteer, 1875)- Charles Cross: Un drama interastral (Un drame interastral, 1872)- Alfred-Louis-Auguste Franklin: Las ruinas de París en el año 4835 (Les ruines de Paris en 4875. Documents officiels et inédits, 1875)- Guy de Maupassant: El hombre de Marte (L'homme de Mars, 1889)- Robert Barr: la condenación de Londres (The doom of London, 1892)- Rudyard Kipling: Una realidad (A matter of fact, 1893)- Emilio Salgari: A la conquista de la Luna (Alla conquista della Luna, 1893)- Octave Uzanne y Albert Robida: El fin de los libros (La fin des livres, 1895)- Wardon Allan Curtis: El monstruo del lago LaMetrie (The monster of lake LaMetrie. Being the narration of James McLennegan, M. D., Ph. D., 1899)- Jack London: Una reliquia del Plioceno (A relic of the Pliocene, 1904)- G. Macaulay Trevelyan: Si Napoleón hubiera ganado la batalla de Waterloo (If Napoleon had won the battle of Waterloo, 1907)- Enrique Mauvars: El cometa Halley (1911)- Amado Nervo: La última guerra (1906)- Francis Stevens: La isla amiga (Friend island, 1918)- Ray Cummings: La chica del átomo de oro (The girl in the golden atom, 1919)",https://assets.lectulandia.co/b/ab/AA%20VV/La%20chica%20del%20atomo%20de%20oro%20(1202)/big.jpg,https://ww3.lectulandia.co/book/la-chica-del-atomo-de-oro/,2026-09-15 02:33:38,Ciencia Ficción
Los reyes filósofos,Jo Walton,"Ciencia ficción, Fantástico, Filosófico, Novela",Libro 2 de:Tesalia,"TrasLa Ciudad Justallega la segunda entrega de la trilogía de Tesalia.Areté, hija del dios Apolo, se embarca en un viaje por las misteriosas aguas mediterráneas de la Antigüedad en busca de respuestas. La acompañan un grupo de filósofos y guerreros que aún defienden los principios de La Ciudad Justa.En Delos, ella y sus hermanos deben tomar una decisión, continuar su camino como reyes filósofos oconvertirse en héroes para alcanzar la divinidad, trastocando para siempre el experimento que Atenea inició veinte años atrás.EnLos reyes filósofos, una novela repleta de hallazgos y sorpresas, nos reencontramos por fin con el universo que encandiló a los lectores enLa Ciudad Justapara descubrir lo que hay más allá de Kallisté.",https://assets.lectulandia.co/b/ab/Jo%20Walton/Los%20reyes%20filosofos%20(4)/big.jpg,https://ww3.lectulandia.co/book/los-reyes-filosofos/,2026-09-15 02:33:40,Ciencia Ficción
El horror de los páramos,Seabury Quinn,"Ciencia ficción, Relato",Libro 1 de:Las aventuras completas de Jules de Grandin,"Es un hecho sabido que, durante la época dorada de la revistaWeird Tales, el autor y la saga más populares de la mítica publicación no fueron Howard y su Conan ni Lovecraft y sus narraciones de los Mitos de Chtulhu.No. Las historias más deseadas, las que más se prodigaron a lo largo de la extensa andadura de la revista y las que más ilustraciones de cubierta lograron obtener fueron las protagonizadas por Jules de Grandin, el detective de lo sobrenatural del autor Seabury Quinn.Curiosamente, el primer cuento que Quinn publicara jamás (y que firmó como Seabury De Grandin Quinn) fue The Stone Imageen la revistaThe Thrill Book, una narración en la que presenta ya al doctor Trowbridge y a su casera, la señora McGinnis. Cuando más de una década después, Quinn se exprimía la cabeza para escribir un cuento para Weird Tales —en la que ya era un autor célebre—, recordó a aquellos dos personajes y les añadió otro más: un pomposo doctor francés experto en toda clase de materias sobrenaturales y que, como es lógico, se adueñó de la serie a partir de entonces.Los Libros de Barsoom presentan ahora el que será el primer tomo de las aventuras completas de Jules de Grandin, definido a menudo como un Hércules Poirot de lo paranormal, y del cual publicaremos un libro al año, presentando la totalidad de sus aventuras por estricto orden de aparición e incluyendo, cuando existan, todas sus ilustraciones interiores originales.El rey de los investigadores de lo oculto.La Imagen de Piedra.El Horror de los Páramos.Los Inquilinos de Broussac.La Isla de los Navíos Perdidos.La Venganza de la India.La Mano Muerta.La Casa del Horror.Fuegos Ancestrales.El Gran Dios Pan.La Momia Sonriente.El Hombre que no tenía reflejo.La Flor de Sangre.La Profetisa.Velada.La Maldición de Everard Maundy.Sombras que se Arrastran.La Dama Blanca del Orfanato.",https://assets.lectulandia.co/b/ab/Seabury%20Quinn/El%20horror%20de%20los%20paramos%20(5)/big.jpg,https://ww3.lectulandia.co/book/el-horror-de-los-paramos/,2026-09-15 02:33:43,Ciencia Ficción
Brazales de Duelo (Ed. ilustrada),Brandon Sanderson,"Ciencia ficción, Fantástico, Novela",Libro 6 de:Nacidos de la bruma,"Una expedición mágica. Un viaje al sur.Mistborn expande sus horizontes.Los Brazales de Duelo son las mentes de metal que antaño poseyó el lord Legislador. Casi nadie cree en su existencia, pero un investigador kandra regresa a Elendel con evidencias y una imagen que conmociona a Waxillium Ladrian: una fotografía de su hermana Telsin apresada por su tío, el líder de una siniestra organización conocida como el Grupo.Wax viaja al sur para investigar acompañado de Wayne, Marasi y MeLaan. Allí descubren que el Grupo ha encontrado los restos de un misterioso barco y tiene prisionero a un superviviente enmascarado. ¿Podrán Wax y los suyos localizar los Brazales antes de que caigan en manos equivocadas?Mistborn es la saga que ha convertido a Brandon Sanderson en el gran autor de fantasía del siglo XXI. Más de diez millones de ejemplares vendidos en todo el mundo.",https://assets.lectulandia.co/b/ab/Brandon%20Sanderson/Brazales%20de%20Duelo%20Ed%20ilustrada%20(57)/big.jpg,https://ww3.lectulandia.co/book/brazales-de-duelo-ed-ilustrada/,2026-09-15 02:33:45,Ciencia Ficción
Espécimen 8,Armando Cuevas Calderón,"Ciencia ficción, Novela",N/A,"Situado en el estado de Montana, en un lugar inaccesible oculto entre montañas, se encuentra Safetyhouse, un edificio abandonado durante años y transformado en laboratorios clandestinos.Tras perder contacto con el personal científico, y después de varios intentos infructuosos, la poderosa corporación que financia las investigaciones enviará a un equipo especializado de mercenarios para averiguar lo sucedido. Y no tardarán en hacerlo.Ni en comprender los aterradores secretos que se esconden entre los muros de Safetyhouse. Secretos que convertirán la misión de «evaluación y rescate» en una desesperada lucha por la vida. La suya, y tal vez la del resto de la humanidad.",https://assets.lectulandia.co/b/ab/Armando%20Cuevas%20Calderon/Especimen%208%20(8)/big.jpg,https://ww3.lectulandia.co/book/especimen-8/,2026-09-15 02:33:48,Ciencia Ficción
Los fabricantes de armas,A. E. van Vogt,"Ciencia ficción, Novela",N/A,"Durante milenios la dinastía Isher ha regido un imperio que incluye la Tierra y otros planetas del Sistema Solar. El poder de la dinastía sólo es cuestionado por los Fabricantes de Armas, un poderoso grupo científico-económico con la suficiente influencia como para mediatizar a las políticas de la dinastía.En la corte de la joven emperatriz Innelda Isher, el capitán Hedrock acaba de ser condenado a muerte acusado de ser un espía de los Fabricantes de Armas. Sin embargo Hedrock consigue escapar de una forma tan extraordinaria como misteriosa. ¿Tienen las Fabricantes de Armas formas de poder ocultas? ¿O acaso Hedrock trabaja para alguien o algo todavía más poderoso? La explicación nos la revelará el propio Hedrock... y es tan sorprendente como inimaginable.",https://assets.lectulandia.co/b/ab/A%20E%20Van%20Vogt/Los%20fabricantes%20de%20armas%20(6)/big.jpg,https://ww3.lectulandia.co/book/los-fabricantes-de-armas/,2026-09-15 02:33:50,Ciencia Ficción
Los corsarios del espacio,Philippe Ebly,"Ciencia ficción, Juvenil, Novela",Libro 2 de:Los patrulleros del año 4003,"Cinco o seis minutos después, se oyó un zumbido que, en menos de diez segundos, se intensificó hasta convertirse en un rugido terrible, más fuerte que el de un gran motor a reacción. Al mismo tiempo, Xoni sintió temblar el suelo bajo sus pies. Era una vibración muy fuerte, y sintió como si toda la nave espacial se estremeciera.—¿Qué es eso? —preguntó Xoni.Tras ser capturada por el pirataSurcouf, la nave de la Policía Espacial aún tiene mucho que explorar en el desconocido y peligroso mundo del planeta Infierno, donde la cautela es fundamental ante elementos difíciles de controlar.",https://assets.lectulandia.co/b/ab/Philippe%20Ebly/Los%20corsarios%20del%20espacio%20(14)/big.jpg,https://ww3.lectulandia.co/book/los-corsarios-del-espacio/,2026-09-15 02:33:53,Ciencia Ficción
El bosque de los castores,Philippe Ebly,"Ciencia ficción, Juvenil, Novela",Libro 1 de:Los patrulleros del año 4003,"Xoni sintió que le dominaba la pasión del combate. Sacó su puñal y recordó el consejo que le había dado Dogann durante el curso de instrucción: «Si no quieres dejar allí tu piel, tienes que pensar deprisa y actuar más deprisa todavía...».En el momento justo en que el monstruo se inclinó para devorar al lagarto acuático, Xoni saltó sobre él y se montó a horcajadas en el cuello. Luego pasó el brazo izquierdo por debajo de las fauces de la bestia, y, con la mano derecha, clavó su puñal en la garganta del monstruo, que se desplomó al instante...En el planeta Uzom, cuatro cadetes de la Policía Espacial son atacados por castores malvados y deben resolver el misterio del planeta para recuperar su nave.",https://assets.lectulandia.co/b/ab/Philippe%20Ebly/El%20bosque%20de%20los%20castores%20(13)/big.jpg,https://ww3.lectulandia.co/book/el-bosque-de-los-castores/,2026-09-15 02:33:55,Ciencia Ficción
Asesinato en la Estación Espacial,Rubén Azorín Antón,"Ciencia ficción, Novela",N/A,"Una nueva estación espacial orbita la Luna. Es el mayor logro científico de nuestra era… hasta que uno de sus integrantes aparece muerto.¿Accidente? ¿Sabotaje? ¿Asesinato?Para contener el escándalo, las potencias espaciales imponen un apagón informativo. Dos investigadores, de distintas nacionalidades, son enviados a resolver el caso. Su misión: descubrir la verdad antes de que la tensión escape de la órbita y amenace el futuro de la colonización lunar.En un entorno hostil, donde cada error puede ser mortal, la carrera por encontrar respuestas revelará secretos enterrados en la historia de la conquista espacial.¿Hasta dónde estarías dispuesto a llegar para proteger el destino de la humanidad?",https://assets.lectulandia.co/b/ab/Ruben%20Azorin%20Anton/Asesinato%20en%20la%20Estacion%20Espacial%20(7)/big.jpg,https://ww3.lectulandia.co/book/asesinato-en-la-estacion-espacial/,2026-09-15 02:33:58,Ciencia Ficción
El robot que vivía su vida,Philippe Ebly,"Ciencia ficción, Juvenil, Novela",Libro 11 de:Los conquistadores de lo imposible,"Haum es, en apariencia, un vietnamita de unos quince años. Ágil, robusto y rápido. Corre más que nadie y salta mejor que un campeón olímpico.Habla y sonríe como todo el mundo. Parece un ser humano, pero es un robot…Sergio, Xolotl y Teobaldo han recibido una misión: acompañar a Haum y no perderle de vista, procurando que nadie desvele su secreto.Pero, un buen día, el robot desaparece: tiene que vivir su vida…",https://assets.lectulandia.co/b/ab/Philippe%20Ebly/El%20robot%20que%20vivia%20su%20vida%20(12)/big.jpg,https://ww3.lectulandia.co/book/el-robot-que-vivia-su-vida/,2026-09-15 02:34:00,Ciencia Ficción
Saturnino,Dan Abnett,"Ciencia ficción, Novela",Libro 4 de:Warhammer 40000: Herejía de Horus. El Asedio de Terra,"La Hueste Traidora de Horus Lupercal afianza su agarre férreo sobre el Palacio de Terra, y las murallas y bastiones comienzan a desmoronarse y a caer uno a uno. Aunque Rogal Dorn, el Pretoriano de Terra, redobla sus esfuerzos para mantener a raya a sus incansables enemigos, estos los superan tanto en número como en armamento. Dorn no puede defenderlo todo al mismo tiempo.Cualquier posibilidad de supervivencia exige algún sacrificio, pero ¿qué batallas se atreve a perder en aras de hacerse con otras? ¿Hay alguna estrategia, algún combate crucial, que pueda girar las tornas de la batalla de una vez por todas y hacer que ganen la guerra?",https://assets.lectulandia.co/b/ab/Dan%20Abnett/Saturnino%20(24)/big.jpg,https://ww3.lectulandia.co/book/saturnino/,2026-09-15 02:34:02,Ciencia Ficción
El volumen del tiempo II,Solvej Balle,"Ciencia ficción, Novela",Libro 2 de:El volumen del tiempo,"«Me llamo Tara Selter. Me encuentro en el dieciocho de noviembre y hay eco a mi alrededor. Soy una criatura extraordinaria, que no debería circular entre personas que siguen una dirección determinada. […] Puedo contar mis días, y lo hago. Puedo escribir acerca de ellos, y lo hago. […] Puedo escribir lo que quiera y viajar adonde quiera, no me falta de nada. Camino por el borde de un abismo, cuento días y lo anoto todo. Lo hago para recordar. O para evitar que los días se me escapen. O tal vez sea porque el papel recuerda lo que digo. Como si yo existiera. Como si hubiera alguien escuchándome.»Tara Selter, la librera anticuaria atrapada en el bucle temporal de un dieciocho de noviembre del que no encuentra modo de escapar, continua en este segundo volumen anotando sus reflexiones sobre la insólita situación que está viviendo. Regresa a la habitación de hotel en la que todo comenzó, hace una peculiar visita a su familia, emprende un viaje por todas las latitudes de Europa en un intento de recrear el paso de las estaciones y sigue haciéndose preguntas sobre quién es, quiénes somos, cuál es nuestra relación con el tiempo y cómo este nos configura.Solvej Balle retoma en estas páginas su fascinante exploración novelística sobre la condición humana, en el que es, con sus siete volúmenes, uno de los proyectos narrativos más ambiciosos de la literatura europea actual.",https://assets.lectulandia.co/b/ab/Solvej%20Balle/El%20volumen%20del%20tiempo%20II%20(2)/big.jpg,https://ww3.lectulandia.co/book/el-volumen-del-tiempo-ii/,2026-09-15 02:34:05,Ciencia Ficción
De los Andes al cielo,Coronel Ignotus,"Aventuras, Ciencia ficción, Novela",N/A,"En el amanecer del siglo XXII, la ciencia y la ambición humanas se enfrentan a su mayor desafío: conquistar el espacio.De los Andes al cieloinaugura la Biblioteca novelesco-científica y abre, al mismo tiempo, la trilogía visionaria concebida por el Coronel Ignotus. En sus páginas, la imaginación técnica y el espíritu de aventura se funden en un relato pionero de la ciencia ficción en lengua española, que invita al lector a acompañar a sus protagonistas en el sueño —y el vértigo— de abrir rutas hacia otros mundos.",https://assets.lectulandia.co/b/ab/Coronel%20Ignotus/De%20los%20Andes%20al%20cielo%20(1)/big.jpg,https://ww3.lectulandia.co/book/de-los-andes-al-cielo/,2026-09-15 02:34:07,Ciencia Ficción
La piedad de los dioses,James S. A. Corey,"Ciencia ficción, Novela",Libro 1 de:La guerra de los cautivos,"La humanidad lucha por su supervivencia en una guerra tan antigua como el universo.Durante siglos, los Carryx han destruido o esclavizado en toda la galaxia. Pero ahora se enfrentan a un enemigo inmortal, y la clave para su supervivencia está en manos de los humanos del planeta Anjiin.Las naves Carryx descienden y se llevan a los mejores humanos; entre ellos, a Dafyd Alkhor, asistente de un brillante científico. Todos son abandonados en una lucha contra otras especies con la extinción como precio del fracaso.Solo Dafyd y algunos compañeros comprenden que para sobrevivir deberán comprender (y manipular) a los propios Carryx. Y al hacerlo, Dafyd se convertirá en el hombre más odiado de la historia y el guardián de su pueblo.",https://assets.lectulandia.co/b/ab/James%20S%20A%20Corey/La%20piedad%20de%20los%20dioses%20(10)/big.jpg,https://ww3.lectulandia.co/book/la-piedad-de-los-dioses/,2026-09-15 02:34:10,Ciencia Ficción
Sombras de identidad (Ed. ilustrada),Brandon Sanderson,"Ciencia ficción, Fantástico, Novela",Libro 5 de:Nacidos de la bruma,"La segunda era continúa con una intriga política llena de magia.Waxillium Ladrian y su socio Wayne se enfrentan a una enemiga inaudita tras el brutal asesinato del hermano del gobernador, una kandra rebelde que ha perdido el juicio y ya no obedece al nuevo dios de Scadrial, Armonía.Mientras Wayne y Marasi intentan frustrar las amenazas contra el gobernador y evitar que la ciudad estalle en revueltas multitudinarias, Wax da caza a una asesina capaz de utilizar cualquier poder y de hacerse pasar por cualquiera. Pero él mismo se verá perseguido por las sombras de su pasado…Mistborn es la saga que ha convertido a Brandon Sanderson en el gran autor de fantasía del siglo XXI. Más de diez millones de ejemplares vendidos en todo el mundo.",https://assets.lectulandia.co/b/ab/Brandon%20Sanderson/Sombras%20de%20identidad%20Ed%20ilustrada%20(56)/big.jpg,https://ww3.lectulandia.co/book/sombras-de-identidad-ed-ilustrada/,2026-09-15 02:34:12,Ciencia Ficción
Mobius Dick,Andrew Crumey,"Ciencia ficción, Novela",N/A,"El profesor John Ringer recibe en su teléfono móvil un inesperado mensaje: «Llámame: H.» Su reacción instintiva le lleva a pensar en Helen, una antigua amante de la que sigue enamorado y a la que no ve desde hace años. Pero también podría tratarse de un texto extraviado, de un número equivocado, de un fragmento de la vida de otra persona que por azar se había colado en la suya. En ese caso no tendría ningún sentido buscarle una causa. Suele pasar, uno descubre ciertas coincidencias: que el nobel de literatura Thomas Mann escribió una novela que transcurría en un sanatorio de Suiza y que el nobel de física Schrödinger descubrió la regla fundamental de la mecánica cuántica en un sanatorio suizo, y se imagina una relación secreta y trata de desentrañarla. Absurdo, ¿verdad?",https://assets.lectulandia.co/b/ab/Andrew%20Crumey/Mobius%20Dick%20(1)/big.jpg,https://ww3.lectulandia.co/book/mobius-dick/,2026-09-15 02:34:15,Ciencia Ficción
Neon Velvet,Víctor Conde,"Ciencia ficción, Novela",Libro 6 de:Piscis de Zhintra,"Piscis de Zhintra, la joven viajera espacial a lomos de su corcel galácticoAquariorecorre el universo saltando de una aventura a otra, poniendo en peligro su integridad física y hasta su vida por culpa de su infinita curiosidad y su innata capacidad para ponerse en situaciones en las que debe luchar o correr.En esta antología de relatos, Víctor Conde nos ofrece seis aventuras de su estrafalaria heroína espacial, enmarcadas dentro del género de la ciencia ficciónpulpen las que conoceremos un planeta errante, un peluche de elefante con el poder letal de un país, o un ejército formado por cartas de baraja. Con un fuerte sentido de la maravilla, un punto de sensualidad y mucho humor, el dos veces ganador del Premio Minotauro deja fluir toda su originalidad y extravagancia, sin tapujos ni cortapisas, para crear un mundo alocado y divertido, donde se pone patas arriba todo lo que crees saber sobre ciencia ficción.Esta edición incluye el primer capítulo del ensayo Breve historia delpulpen España, escrito por el propio Víctor Conde y que será publicado por entregas en las sucesivas publicaciones de las aventuras de Piscis de Zhintra.Contiene los relatos:• Espectros de Cynphra• Arabesco• El planeta errante• Experience PZ• Extraños en el paraíso• Una caravana del espacio",https://assets.lectulandia.co/b/ab/Victor%20Conde/Neon%20Velvet%20(35)/big.jpg,https://ww3.lectulandia.co/book/neon-velvet/,2026-09-15 02:34:18,Ciencia Ficción
Ravenor fugitivo,Dan Abnett,"Ciencia ficción, Novela",Libro 3 de:Warhammer 40000: Ravenor,"El inquisidor Ravenor continúa la caza del archihereje Zygmunt Molotch, una persecución que ha acabado convirtiéndose en una obsesión personal. Desobedeciendo órdenes directas de la Inquisición, Ravenor, y su equipo se rebelan y van detrás de su presa de forma implacable. A través del tiempo y el espacio, se enfrentan a enemigos de poder y astucia ilimitados. ¿Cuánto tendrán que sacrificar Ravenor y su equipo para salir vencedores?",https://assets.lectulandia.co/b/ab/Dan%20Abnett/Ravenor%20fugitivo%20(3)/big.jpg,https://ww3.lectulandia.co/book/ravenor-fugitivo/,2026-09-15 02:34:20,Ciencia Ficción
Somnium,Johannes Kepler,"Ciencia ficción, Novela",N/A,"DescubreSomnium, la obra visionaria de Johannes Kepler que se adelantó a su tiempo para convertirse en la primera novela de ciencia ficción de la historia. A través de un viaje astronómico sin precedentes, Kepler entrelaza conocimiento científico y fantasía, llevando al lector en una aventura hacia la Luna que desafía la percepción del universo en el siglo XVII. Esta narrativa fascinante no solo revela el ingenio y la imaginación de Kepler, sino que también sirve como un puente entre la ciencia y la literatura, invitando a explorar los límites del espacio y del conocimiento humano.Somniumes una lectura obligatoria para los amantes de la ciencia ficción y la astronomía.Según Carl Sagan e Isaac Asimov, ""Somnium"", la novela corta del gran astrónomo Johannes Kepler es la primera novela de Ciencia Ficción de la historia. Aplicando sus conocimientos científicos, Kepler relata un fascinante viaje a la luna, con descripción de sus habitantes y, en especial, de la astronomía lunar.",https://assets.lectulandia.co/b/ab/Johannes%20Kepler/Somnium%20(1)/big.jpg,https://ww3.lectulandia.co/book/somnium/,2026-09-15 02:34:23,Ciencia Ficción
El regreso de Ravenor,Dan Abnett,"Ciencia ficción, Novela",Libro 2 de:Warhammer 40000: Ravenor,Todo parece indicar que el inquisidor Gideon Ravenor y su séquito han muerto. Pero fuerzas oscuras los persiguen y esta vez es mejor pasar desapercibidos. Al regresar del planeta Eustis Majoris deben esconderse para investigar a un brutal grupo de contrabandistas que comercian con una tecnología arcana.Una vez dentro de la organización se dan cuenta de que están tramando una terrible conspiración. Nadie podría imaginar lo que las máquinas alienígenas contienen y Ravenor debe usar todo su ingenio para burlar a los conspiradores antes de que los últimos secretos del Caos sean desvelados.,https://assets.lectulandia.co/b/ab/Dan%20Abnett/El%20regreso%20de%20Ravenor%20(4)/big.jpg,https://ww3.lectulandia.co/book/el-regreso-de-ravenor/,2026-09-15 02:34:25,Ciencia Ficción
Cuentos completos,H. G. Wells,"Aventuras, Ciencia ficción, Fantástico, Relato",N/A,"Pionero de la moderna ciencia ficción, H. G. Wells (1866 – 1946), a diferencia de Verne y otros autores del género, no se entretiene en ofrecer al lector complejas descripciones científicas o técnicas, sino que se limita a plantearnos una situación imposible: una invasión alienígena, una fórmula para lograr la invisibilidad, o una máquina que nos permite viajar en el tiempo, pero la presenta en un contexto cotidiano; en el salón de casa, en un bar o en el parque del barrio. Una vez que el lector acepta lo imposible, Wells lo arrastra a las más increíbles aventuras con un lenguaje llano y directo, como si allí no estuviera pasando nada fuera de lo normal.A él se deben varias obras maestras que están en el origen del género de la ciencia ficción:La máquina del tiempo(1895),El hombre invisible(1897),La guerra de los mundos(1898) oLos primeros hombres en la luna(1901). Pero H. G. Wells estaba dotado también de un excepcional talento para la creación de historias cortas.Este volumen reúne los ochenta relatos que publicó, e incluye la novela cortaLa máquina del tiempoy el relato guionizado para el cine «El nuevo Fausto».El lector encontrará las historias agrupadas en sus colecciones originales, y una sección final con los relatos aparecidos en revistas y nunca incluidos por Wells en un libro.",https://assets.lectulandia.co/b/ab/H%20G%20Wells/Cuentos%20completos%20(36)/big.jpg,https://ww3.lectulandia.co/book/cuentos-completos-h-g-wells/,2026-09-15 02:34:28,Ciencia Ficción
Trogloditas del mañana,Isaac Asimov,"Ciencia ficción, Novela",Libro 55 de:Galaxia,"A través de los avatares personales del joven Biron Farrill se resumen la grandeza y la decadencia del imperio galáctico apropiadamente llamado Tyrann, allá en las lejanías de la Nebulosa de la Cabeza de Caballo, a muchos años-luz de la Tierra.",https://assets.lectulandia.co/b/ab/Isaac%20Asimov/Trogloditas%20del%20manana%20(106)/big.jpg,https://ww3.lectulandia.co/book/trogloditas-del-manana/,2026-09-15 02:34:30,Ciencia Ficción
Del naranja al azul,Cristina Jurado,"Ciencia ficción, Novela",N/A,"Son seres humanos como nosotros. Nadie sabe de dónde proceden pero su llegada desencadena la mayor catástrofe demográfica jamás ocurrida.¿Quiénes son los bionautas? ¿Por qué han elegido colonizar la tierra? Si eres uno de los supervivientes, quizás te hayas hecho estas preguntas. Si eres un bionauta, lo único que te importa es sobrevivir.Del naranja al azules una novela de ciencia ficción en la que se cuestionan los límites de la humanidad y nuestro modo de vida. En ella podrás conocer a Maya, Hugo y Elio, que se encuentran contra toda probabilidad e inician una historia repleta de aventuras, traición y terror. ¿Estás preparado/a para descubrir el futuro que nos espera? Recuerda que los bionautas han llegado para quedarse…",https://assets.lectulandia.co/b/ab/Cristina%20Jurado/Del%20naranja%20al%20azul%20(2)/big.jpg,https://ww3.lectulandia.co/book/del-naranja-al-azul/,2026-09-15 02:34:33,Ciencia Ficción
Ravenor,Dan Abnett,"Ciencia ficción, Novela",Libro 1 de:Warhammer 40000: Ravenor,"En un futuro desgarrado por la guerra, durante el cuadragésimo primer milenio, la Inquisición libra una lucha secreta contra los enemigos más siniestros de la humanidad -los alienígenas, los herejes y los demonios- para proteger el Imperio del Hombre y las almas de sus habitantes.El inquisidor Gideon Ravenor, antiguo pupilo del inquisidor Eisenhorn, de infausta memoria, es uno de los pocos elegidos para librar esa lucha. En el inicio de su carrera quedó tullido en el atroz episodio de la Puerta Espatiana, en Tracian Primaris, y confinado en un sistema de soporte vital que le impide el contacto físico con el resto del universo.Mediante su grupo de agentes de campo de élite, el inquisidor Ravenor debe utilizar sus grandes poderes psíquicos para investigar el subsector Angelus, donde un poder sombrío y desconocido está esclavizando las mentes tanto de los ricos como de los pobres. Ravenor se ve obligado a llevar a su equipo hasta las fronteras del espacio imperial y a luchar por sobrevivir ante un enemigo tan implacable y poderoso como él mismo.",https://assets.lectulandia.co/b/ab/Dan%20Abnett/Ravenor%20(2)/big.jpg,https://ww3.lectulandia.co/book/ravenor/,2026-09-15 02:34:35,Ciencia Ficción
Cuentos futuristas,José de Elola y Gutiérrez,"Ciencia ficción, Relato",N/A,"Los siete cuentos que ofrece la presente antología son una muestra de un subgénero literario ignorado o despreciado en España hasta fechas recientes: la novela científica, la ciencia ficción o, por emplear un término que tuvo éxito en la época en que estos cuentos fueron escritos, la novela futurista.¿Cómo se imaginaban el futuro nuestros abuelos? Basta leer esta serie de relatos para saberlo y para conocer sus esperanzas y sus temores; estas páginas constituyen un recorrido por muchos de ellos. Sus autores son Nilo María Fabra quizá el mejor autor español de literatura fantástica de la primera mitad del siglo XX; Wenceslao Fernández Flórez, autor de una fábula sobre la ceguera universal; José Elola, que propone una máquina para extraer energía de las pasiones; M. Burguès, pseudónimo perfecto para publicar una utopía socialista como ésta; Antón de Olmet, que presenta el Madrid castizo del siglo XXIV; y, finalmente, el gran escritor olvidado M. R. Blanco Belmonte.",https://assets.lectulandia.co/b/ab/AA%20VV/Cuentos%20futuristas%20(1162)/big.jpg,https://ww3.lectulandia.co/book/cuentos-futuristas/,2026-09-15 02:34:38,Ciencia Ficción
EI huracán cósmico,J. G. Ballard,"Ciencia ficción, Novela",N/A,"Un extraño fenómeno, jamás conocido en la Tierra desata un viento de procedencia desconocida, que se acrecienta de día en día, alcanzando una violencia inusitada, hasta el extremo de ir deshaciendo poco a poco las mayores ciudades del mundo. Tokio, Londres, New York, se ven convertidas en montones de ruinas, haciendo casi imposible la vida sobre la Tierra. Una novela llena de suspense, en donde se viven escenas de terror inolvidables, descritas magistralmente por J. B. Ballard. Las devastaciones, la vida en los subterráneos, los espantosos incendios, la miseria, el horror, la muerte segando vidas a millares, son incapaces, a pesar de todo, de anular al Hombre en su lucha por la existencia. Una novela fuerte, tensa, apasionante y estremecedora, de lo que siendo ficción, pudiera ser algún día una realidad espantosa, como lo fueron los periodos glaciares, en las que igualmente, el Hombre, fue capaz de soportar y sobrevivir, demostrando así su inimaginable poder de adaptación.",https://assets.lectulandia.co/b/ab/J%20G%20Ballard/El%20huracan%20cosmico%20(22)/big.jpg,https://ww3.lectulandia.co/book/ei-huracan-cosmico/,2026-09-15 02:34:40,Ciencia Ficción
Balada de pájaros cantores y serpientes,Suzanne Collins,"Ciencia ficción, Distopía, Juvenil, Novela",Libro 0.1 de:Distritos,"La ambición será su motor. La rivalidad, su motivación. Pero alcanzar el poder tiene un precio.Es la mañana de la cosecha que dará comienzo a los décimos Juegos del Hambre. En el Capitolio, Coriolanus Snow, de dieciocho años, se prepara para una oportunidad única: alcanzar la gloria como mentor de los Juegos.La casa de los Snow, antes tan influyente, atraviesa tiempos difíciles, y su destino depende de que Coriolanus consiga superar a sus compañeros en ingenio, estrategia y encanto como mentor del tributo que le sea adjudicado. Todo está en su contra…Lo han humillado al asignarle a la tributo del Distrito 12. Ahora, sus destinos están irremediablemente unidos…",https://assets.lectulandia.co/b/ab/Suzanne%20Collins/Balada%20de%20pajaros%20cantores%20y%20serpientes%20(4)/big.jpg,https://ww3.lectulandia.co/book/balada-de-pajaros-cantores-y-serpientes/,2026-09-15 02:34:43,Ciencia Ficción
Un puente sobre el tiempo,Kaliane Bradley,"Ciencia ficción, Novela",N/A,"Una comedia romántica combinada con viajes en el tiempo, unthrillerde espías y una ingeniosa exploración de la naturaleza del poder y el potencial del amor para cambiarlo todo: ¡Bienvenidos aUn puente sobre el tiempo, la estimulante primera novela de Kaliane Bradley!¿Qué pasaría si una rama secreta del gobierno probara la efectividad de una máquina del tiempo trayendo al presente a individuos de diferentes períodos históricos? A partir de esta premisa tremendamente atractiva, Kaliane Bradley alumbraUn puente sobre el tiempo, una primera novela que combina elthrillerde espionaje, una historia de amor y las exploraciones polares con la reflexión sobre las perniciosas dinámicas del poder y el legado colonial. Ingeniosa y fresca, esta historia se ha convertido en un fenómeno internacional que ha cautivado tanto a la crítica como a los lectores.Londres, en un futuro próximo. Un ministerio británico de nuevo cuño ha lanzado un encargo singular y de alto secreto: determinar si los viajes en el tiempo son seguros. Allí, unos funcionarios conocidos como «puentes» se ocupan de supervisar a personas reubicadas a la fuerza del pasado al presente, procedentes de un momento histórico distinto. Uno de los «puentes», una antigua traductora, se encarga de la integración de un desorientado Graham Gore, oficial y explorador británico que partió en una misión al Ártico en 1845. A lo largo de un año, lo que empieza como una convivencia difícil, va evolucionando hacia sentimientos más profundos. ¿Triunfará el amor sobre las estructuras y las historias que los conforman?Vertiginosa y llena de emoción, con una escritura brillante y unos personajes e ideas inolvidables, Kaliane Bradley nos cautiva con una narración que captura con ironía y agudeza las perplejidades del mundo moderno y del incierto futuro.",https://assets.lectulandia.co/b/ab/Kaliane%20Bradley/Un%20puente%20sobre%20el%20tiempo%20(1)/big.jpg,https://ww3.lectulandia.co/book/un-puente-sobre-el-tiempo/,2026-09-15 02:34:45,Ciencia Ficción
Yo viví en el año 3000,Werner Wehr,"Ciencia ficción, Novela",N/A,"Una astronave parte de Tierra rumbo a las estrellas. A bordo de ella viajan varios seres humanos, unidos por la magna empresa común, y un hombre -el protagonista- obsesionado por el recuerdo de un crimen reciente… La nave estelar alcanza sus objetivos y consigue colonizar un lejano planeta que gravita en torno a una estrella doble. Pero al regresar a la Tierra, los efectos de la contracción einsteniana del espacio-tiempo se dejan sentir. A pesar de que para los tripulantes de la astronave sólo han transcurrido unos años, en la Tierra corre ya el año 3000 de la Era Cristiana … Un mundo desconocido les aguarda. Y, en él, la revolución, la lucha y la muerte… y el recuerdo de los seres amados, muertos hace mucho, muchísimo tiempo. He aquí el tema de esta magnífica novela alemana de Fantasía Científica… que un día puede ser realidad.",https://assets.lectulandia.co/b/ab/Werner%20Wehr/Yo%20vivi%20en%20el%20ano%203000%20(1)/big.jpg,https://ww3.lectulandia.co/book/yo-vivi-en-el-ano-3000/,2026-09-15 02:34:48,Ciencia Ficción
Ruido fractal,Christopher Paolini,"Ciencia ficción, Novela",Libro 0 de:Fractalverso,"25 de julio de 2234: la tripulación de la Adamura descubre una anomalía en un planeta deshabitado.Encuentran un agujero circular, de cincuenta kilómetros de diámetro, cuya curvatura no parece natural, sino creada de forma artificial. Un pequeño equipo debe aterrizar en Talos VII y viajar a pie por la superficie desconocida para descubrir quiénes han construido el agujero y por qué. Sin embargo todos los miembros de la expedición provienen de diversas colonias, y cada uno debe lidiar con sus traumas personales.Para algunos, esta misión es el sueño de sus vidas; para otros, un riesgo que no merece la pena correr. Y para alguien en particular, es un intento desesperado de encontrar sentido a un universo poco compasivo. Cada paso que dan hacia el misterioso abismo es más tortuoso que el anterior, y en el camino terminarán abriendo viejas heridas y desenterrando los fantasmas de su pasado.",https://assets.lectulandia.co/b/ab/Christopher%20Paolini/Ruido%20fractal%20(13)/big.jpg,https://ww3.lectulandia.co/book/ruido-fractal/,2026-09-15 02:34:50,Ciencia Ficción
Khimera,César Pérez Gellida,"Ciencia ficción, Intriga, Novela",N/A,"2054. Tras la Guerra de Devastación Global, la realidad social y geopolítica ha cambiado rotundamente. Los viejos conceptos de la democracia y el capitalismo han sido enterrados por las corrientes transhumanistas y la tecnofagia. El poder se concentra en manos de las grandes corporaciones, sin embargo, todavía queda un cabo suelto, un molesto inconveniente que se escapa de las afiladas uñas de la Asamblea: Khimera.En la arriesgada búsqueda de un enigmático personaje conocido como el bogatyr -héroe para algunos y villano para otros-, están puestas las últimas esperanzas de aquellos que luchan para lograr que el mundo cambie para siempre.César Pérez Gellida, autor de la trilogía «Versos, canciones y trocitos de carne», éxito absoluto de crítica y ventas en el último año, vuelve a la narrativa sobrepasando todas nuestras expectativas y rompiendo sus propios cánones con un relato que estilísticamente recuerda a la habilidad creativa de J.R.R. Tolkien y a la maestría visionaria de George Orwell o William Blake. Una reinvención delthrillerliterario al más puro estilo Gellida que algunos ya han calificado de obra maestra.",https://assets.lectulandia.co/b/ab/Cesar%20Perez%20Gellida/Khimera%20(3)/big.jpg,https://ww3.lectulandia.co/book/khimera/,2026-09-15 02:34:53,Ciencia Ficción
Herederos del Caos,Adrian Tchaikovsky,"Ciencia ficción, Novela",Libro 2 de:Herederos del tiempo,"Hace miles de años, el programa de terraformación alcanzó las estrellas. En un planeta llamado Nod, los científicos descubrieron vida alienígena, pero su misión era reemplazarla con la biología terrestre. Cuando el imperio humano cayó, las decisiones del programa quedaron olvidadas en el tiempo.Mucho después, los últimos restos de la humanidad y sus aliadas arácnidas detectan señales de radio procedentes de las estrellas y envían una nave de exploración con la esperanza de encontrar a sus parientes perdidos de la vieja Tierra.Pero los terraformadores de antaño despertaron algo en Nod; algo terrorífico que más valdría haber dejado en paz.",https://assets.lectulandia.co/b/ab/Adrian%20Tchaikovsky/Herederos%20del%20Caos%20(9)/big.jpg,https://ww3.lectulandia.co/book/herederos-del-caos/,2026-09-15 02:34:56,Ciencia Ficción
Herederos del recuerdo,Adrian Tchaikovsky,"Ciencia ficción, Novela",Libro 3 de:Herederos del tiempo,"La serie de space opera que comenzó con Herederos del tiempo, todo un clásico contemporáneo continúa con esta extraordinaria novela en la que la humanidad lucha por sobrevivir en un planeta apenas terraformado.En un desesperado intento de escapar del colapso de la Tierra, la nave arca Enkidu y su capitán, Heorest Holt, transportaron un precioso cargamento de humanidad dormida hasta un paraíso en potencia. Generaciones más tarde, esta frágil colonia ha conseguido sobrevivir a duras penas. La vida de los colonos es difícil, y buena parte de sus coocimientos tecnológicos se han perdido.Entonces llegaron los forasteros. Poseen conocimientos incomparables y tecnología maravillosa, y vienen de otro mundo para auxiliar a la colonia humana. Pero no todo es lo que parece, y el precio de la ayuda de los forasteros puede ser la propia existencia de la colonia.",https://assets.lectulandia.co/b/ab/Adrian%20Tchaikovsky/Herederos%20del%20recuerdo%20(8)/big.jpg,https://ww3.lectulandia.co/book/herederos-del-recuerdo/,2026-09-15 02:34:58,Ciencia Ficción
A cabeza descalza,Brian W. Aldiss,"Ciencia ficción, Novela",N/A,"He aquí el relato de lo que podría ser el mundo del mañana tras una guerra psicodélica en cuyo transcurso las grandes ciudades del mundo hubieran sido bombardeadas con nubes de LSD. La humanidad ha perdido las pocas luces que le quedaban; hombres y mujeres viven en un continuo «viaje»; se crean nuevos cultos, nacen nuevas sensaciones; la realidad ha desaparecido, sustituida por un mundo confuso y onírico en donde la gente se mueve como fantasmas. Y, procedente de una de las regiones menos afectadas de Europa, donde la realidad no ha sido aún distorsionada, un hombre inicia su periplo hacia Inglaterra que ha perdido ya todo sentido de la realidad…A cabeza descalzaes una compleja obra que recuerda a James Joyce y con la que Aldiss rompió algunos límites de la ciencia-ficción publicada hasta ese momento. La obra tiene, asimismo, reminiscencias de la novelaNaked Lunch, de William S. Burroughs. Libro complejo, tremendamente difícil pero de lectura apasionante, reconstruye con pleno éxito a través de la narración un mundo abocado a la locura permanente, lo examina desde su interior, lo hace vivir.",https://assets.lectulandia.co/b/ab/Brian%20W%20Aldiss/A%20cabeza%20descalza%20(5)/big.jpg,https://ww3.lectulandia.co/book/a-cabeza-descalza/,2026-09-15 02:35:01,Ciencia Ficción
La peste escarlata (Ilustrado),Jack London,"Ciencia ficción, Novela",N/A,"Relato postapocalíptico, pionero en el género, en el que la humanidad se hunde en la noche primitiva. Las ilustraciones de Luis Scafati añaden una dimensión onírica a los horrores de un futuro imaginado por Jack London.",https://assets.lectulandia.co/b/ab/Jack%20London/La%20peste%20escarlata%20Ilustrado%20(52)/big.jpg,https://ww3.lectulandia.co/book/la-peste-escarlata-ilustrado/,2026-09-15 02:35:03,Ciencia Ficción
La guerra de las salamandras,Charles Carr,"Ciencia ficción, Novela",N/A,"Tras una destructiva Guerra Mundial, una colonia humana consigue asentarse en un planeta hostil con una estrecha franja habitable. Allí, dos grupos —suizos pacifistas y británicos combativos— chocan por su visión del conflicto, mientras dependen mutuamente para sobrevivir. Pero su enfrentamiento interno se ve eclipsado por una amenaza mayor: las Salamandras, seres esqueléticos de fuego que buscan expulsarlos. Entre guerras internas y externas, la supervivencia de la humanidad pende de un hilo.",https://assets.lectulandia.co/b/ab/Charles%20Carr/La%20guerra%20de%20las%20salamandras%20(2)/big.jpg,https://ww3.lectulandia.co/book/la-guerra-de-las-salamandras-charles-carr/,2026-09-15 02:35:05,Ciencia Ficción
La guerra de los mundos (Ilustrado por Alvim Corrêa),H. G. Wells,"Ciencia ficción, Novela",N/A,"Es la primera novela en la que se narró una invasión marciana. H. G. Wells, es junto con Julio Verne, el padre de la ciencia ficción. Esta edición recupera las ilustraciones de Henrique Alvim Corrêa, publicadas en 1906.",https://assets.lectulandia.co/b/ab/H%20G%20Wells/La%20guerra%20de%20los%20mundos%20Ilustrado%20por%20Alvim%20Correa%20(35)/big.jpg,https://ww3.lectulandia.co/book/la-guerra-de-los-mundos-ilustrado-por-alvim-correa/,2026-09-15 02:35:08,Ciencia Ficción
1984 (Ilustrado),George Orwell,"Ciencia ficción, Distopía, Novela",N/A,"Primera edición ilustrada en castellano de1984con las descarnadas estampas del artista Luis Scafati. Escrita en 1948, esta obra presenta una crítica lúcida de los regímenes totalitarios, con indudables resonancias diacrónicas.",https://assets.lectulandia.co/b/ab/George%20Orwell/1984%20(22)/big.jpg,https://ww3.lectulandia.co/book/1984-ilustrado/,2026-09-15 02:35:11,Ciencia Ficción
Orbital,Samantha Harvey,"Ciencia ficción, Filosófico, Novela",N/A,"Un grupo de seis astronautas lleva a cabo una misión rutinaria en la Estación Espacial Internacional, en la órbita terrestre baja. La de Pietro, italiano, es monitorizar los microbios presentes en la nave. Chie, la tripulante japonesa, cultiva cristales de proteínas y, al igual que sus compañeros, es objeto de estudio del impacto de la microgravedad en el funcionamiento neuronal. Shaun, el americano del grupo, observa qué les ocurre a las raíces de las plantas ante la falta de luz y gravedad para saber cuándo y cómo poder cultivarlas. Nell, del Reino Unido, recoge los datos que le proporcionan sus cuarenta ratones acerca del desgaste muscular en el espacio. Roman y Anton, que ocupan el módulo ruso, están al cargo del mantenimiento del generador de oxígeno. Todos deben informar sobre sus cefaleas;…",https://assets.lectulandia.co/b/ab/Samantha%20Harvey/Orbital%20(1)/big.jpg,https://ww3.lectulandia.co/book/orbital/,2026-09-15 02:35:13,Ciencia Ficción
El primer muro,Gav Thorpe,"Ciencia ficción, Novela",Libro 3 de:Warhammer 40000: Herejía de Horus. El Asedio de Terra,"La guerra por el destino de la humanidad sigue en marcha. A pesar de que las defensas exteriores han caído, las murallas del Palacio en sí siguen tan inexpugnables como siempre, pues Rogal Dorn, el Pretoriano de Terra, se vale de toda estrategia y plan para mantener a raya a los vastos ejércitos de Horus. Perturabo, el rompeasedios traidor, representa un adversario digno de la habilidad de Dorn, y los dos bandos se sumen en una guerra de desgaste tan despiadada como terrible.La batalla crucial por el espaciopuerto de la Puerta del León es el centro del conflicto. Si los traidores logran capturarlo, podrán llevar sus armas más letales a la superficie de Terra. Dorn sabe que no pueden perderlo. Sin embargo, cuando los enemigos atacan por todos los frentes y la esencia de los Nuncanatos se empieza a sumar a la matanza, ¿cómo podrán prevalecer los defensores del Imperio?",https://assets.lectulandia.co/b/ab/Gav%20Thorpe/El%20primer%20muro%20(10)/big.jpg,https://ww3.lectulandia.co/book/el-primer-muro/,2026-09-15 02:35:16,Ciencia Ficción
Heliconia Primavera,Brian W. Aldiss,"Ciencia ficción, Novela",Libro 1 de:Heliconia,"«Heliconia Primavera»es el primer volumen de una saga monumental que no tiene antecedentes ni siquiera en la obra del autor. Todo un sistema solar aparece en estas páginas, y junto con él un mundo —Heliconia— que es un reflejo perturbador del nuestro, un planeta parecido a la Tierra pero en el que la historia y las dinastías cambian junto con las estaciones.En un principio un joven cazador solitario, Yuli, viendo que su padre ha caído en manos de los phagors decide alejarse de las barreras de hielo y se incorpora como sacerdote a un mundo subterráneo en el que la oscuridad es sagrada y la religión tiene poder sobre el individuo. Luego de numerosas pruebas y sorpresas, Yuli consigue salir al mundo de la luz y allí vivirá en una ciudad llamada Oldorando, donde los descendientes lo recordarán siempre como el hombre que abandonó la fe para ayudar a su pueblo.Más tarde en la historia de Oldorando, entra en escena Aoz Roon, un jefe de pasado oscuro; Shay Tal, a la que se atribuyen poderes de brujería; el joven Laintal Ay, que ayuda a cambiar el curso de la historia, y muchos otros caracteres memorables. Una vez más aparecen los phagors, especie bestial, enemiga inmemorial del hombre. A lo largo de los años los ejércitos de los phagors cruzan el continente con el propósito de conquistar Oldorando, un Oldorando sujeto a cambios violentos a medida que el invierno cede paso a una brillante primavera.Acontecimientos, caracteres y animales pasan en tumulto por la historia de Heliconia. Los cinco mil habitantes de la estación observadora terrestre situada sobre Heliconia están continuamente atentos a lo que ocurre en Oldorando, y en muchas ocasiones desean intervenir, aunque los peligros son demasiado grandes. Así, en última instancia, el libro es también la historia de Heliconia tal como llega a los auditorios de la Tierra.",https://assets.lectulandia.co/b/ab/Brian%20W%20Aldiss/Heliconia%20Primavera%20(8)/big.jpg,https://ww3.lectulandia.co/book/heliconia-primavera/,2026-09-15 02:35:18,Ciencia Ficción
Truel1f3. Mas fuertes juntos,Jay Kristoff,"Ciencia ficción, Novela",Libro 3 de:LIFEL1K3,"Para Eve y Lemon, descubrir la verdad sobre sí mismas (y sobre la otra) fue un golpe demasiado duro para su amistad. Pero, con el país al borde de una nueva guerra mundial, esta vez entre el enjambre de BioMaas en Ciudad Colmena y el ejército de Daedalus en Megópolis, las lealtades se verán tensadas al máximo, se formarán alianzas improbables y, con ellas, nuevas traiciones.Pero la amenaza no termina aquí, porque los realistas están decididos a acceder al programa que liberará a todos los robots, una tarea para la que necesitan tanto a Eve como a Ana, la chica a la que esta tenía que reemplazar.Al final, violentos encuentros y desgarradoras decisiones revelarán a los verdaderos héroes… que podrían no ser quienes esperas.",https://assets.lectulandia.co/b/ab/Jay%20Kristoff/Truel1f3%20Mas%20fuertes%20juntos%20(11)/big.jpg,https://ww3.lectulandia.co/book/truel1f3-mas-fuertes-juntos/,2026-09-15 02:35:21,Ciencia Ficción
Los hombres de Gor,Daniel F. Galouye,"Ciencia ficción, Novela",N/A,"LOS HOMBRES DE GOR presenta la terrible hipótesis -que tiene ribetes de pesadilla- de que puedan existir razas humanoides hostiles en la Galaxia. Sin embargo, tras unas páginas de sobrecogedor suspense, llega al ánimo del lector la convicción de que no hay que confundir lo malo con lo distinto.De esta obra estremecedora del gran Frederik Pohl, pasamos a ""LA CIUDAD DE ENERGÍA"" de Daniel F. Galouye, obra en la que campea la fantasía más bella e ilimitada, ventana abierta sobre otros universos alucinantes donde, de nuevo, lo malo no es necesariamente tal, sino una forma de vida que escapa a nuestra comprensión. Pero al final, triunfa la inteligencia y el tesón humanos.",https://assets.lectulandia.co/b/ab/AA%20VV/Los%20hombres%20de%20Gor%20(1158)/big.jpg,https://ww3.lectulandia.co/book/los-hombres-de-gor/,2026-09-15 02:35:23,Ciencia Ficción
Animales difíciles,Rosa Montero,"Ciencia ficción, Novela",Libro 4 de:Bruna Husky,"El espectacular y esperado cierre de la serie de Bruna Husky.En el Madrid de 2111, la detective Bruna Husky es contratada para investigar un atentado terrorista en las instalaciones de Eternal, una gran empresa tecnológica. Las primeras pistas la llevan hasta un periodista que sigue los pasos de uno de los asaltantes, pero cuando los implicados empiezan a desaparecer o a morir el rastro se pierde. La detective y su colega, el inspector Lizard, se verán atrapados en un enigma cada vez más sombrío, en una trampa mortífera diseñada por una mente criminal aterradora. Estamos ante una Bruna Husky llena de furia contra el mundo y, sobre todo, contra sí misma, porque ya no es una poderosa tecnohumana de combate sino un débil androide de cálculo. Y es desde esa nueva fragilidad desde la que debe afrontar el caso más peligroso y devastador de toda su carrera.Animales difícilesplantea aquello que no queremos mirar de frente, la inconsciencia con la que estamos desarrollando una superinteligencia desconocida, un poder absoluto, que no sabemos si podremos controlar y que puede convertirse en un arma definitiva y brutal.Rosa Montero cierra por todo lo alto la serie de Bruna Husky, formada por las novelasLágrimas en la lluvia, El peso del corazónyLos tiempos del odio. Espectacular, emocionante y peligroso, el último caso de la formidable detective es un apasionante rompecabezas de tensión creciente y final luminoso sobre el sentido de la vida y el destino de la Humanidad.------------------------------Reseñas:«Inusual, imaginativa y arriesgada»Pilar Castro,El Cultural.«La emoción prende y atrapa desde el primer momento y seguimos con pasión la investigación criminal de la detective Bruna»Lluís Satorras,Babelia,El País.«La primera y cada vez más prometedora distopíanoirdel siglo»Laura Fernández.«Bruna Husky es más interesante cuando se enfrenta sola a su propio mal, como la heroína que está llamada a ser»Sònia Hernández,Cultura/s,La Vanguardia.«Una prosa que tiene ritmo, energía y claridad. Aparece la huella de George Orwell, pero también la de Jack London o Joseph Conrad, y hasta la sombra de Dickens […]. Tiene potencia, pero tiene introspección. Dispara adrenalina, pero también hace meditar. Tiene mucho de intriga y de misterio, pero también de advertencia y de retrato social»Miguel Mena,Artes & Letras,Heraldo de Aragón.«Bruna Husky es el mejor personaje que ha creado Rosa Montero»Jordi Cervera, Catalunya Ràdio.«Una excelente novela, con una acción constante y una conspiración que atrapa al lector como una tela de araña»Miguel Ferrary,La Opinión de Málaga.«Una optimista bien informada. Una inteligencia que siente. Rosa Montero es una novelista de raza»Xuan Bello,El Comercio.«Con Bruna Husky, Rosa Montero ha creado uno de los personajes más hondos de su dilatada trayectoria»Ricard Ruiz Garzón,El Periódico de Catalunya.",https://assets.lectulandia.co/b/ab/Rosa%20Montero/Animales%20dificiles%20(25)/big.jpg,https://ww3.lectulandia.co/book/animales-dificiles/,2026-09-15 02:35:26,Ciencia Ficción
How-2,Christopher Grimm,"Ciencia ficción, Relato",N/A,"¿Quiere saber el lector lo que le ocurriría si, por equivocación, le enviaran un robot desmontable que no hubiera solicitado? ¿Quiere saber qué extrañas sensaciones se experimentan en un cuerpo ajeno? ¿Quiere saber, por último, a qué extraños peligros y aventuras se vería abocado si perdiese la astronave que había de conducirle a los confines de la galaxia, y se viera obligado a quedarse en un planeta empalme? Éstas y muchas otras cosas es lo que le explicarán detenidamente Clifford D. Simak, Christopher Grimm y F. L. Wallace en sus fascinantes relatos. Las obras aquí reunidas son tres pequeñas joyas literarias, tres obras maestras de suspense, que mantienen en vilo el ánimo del lector, haciéndole pasar sin transición de la risa al espanto, de la admiración al desconcierto. Constituye un honor para la Colección NEBULAE ofrecer hoy al lector español este magnífico ejemplo de literatura de fantasía científica, que publicamos bajo el enigmático título deHow-2.",https://assets.lectulandia.co/b/ab/AA%20VV/How2%20(1159)/big.jpg,https://ww3.lectulandia.co/book/how-2/,2026-09-15 02:35:28,Ciencia Ficción
Tiempo ardiendo al revés,Víctor Conde,"Ciencia ficción, Novela",Libro 1.5 de:Metaverso,"Cuando el primer Imperio Gestáltico cayó, el guerrero Evan Kingdrom y el artista muerto Delian Stragoss partieron hacia las profundidades de la galaxia en una misión casi imposible de cumplir: perseguir la salvaguardia de toda la civilización que la deoEmperatriz Simanova había lanzado hacia el espacio profundo, porque en su interior creían que había una copia de la mente del gran amor de Evan. Así comienza una búsqueda que podría durar toda una vida, y que llevará a nuestros protagonistas a vivir increíbles aventuras y a encontrar maravillas sin parangón, en lo más profundo del espacio inexplorado…Una novela de la saga delMetaverso, continuación deEl Tercer Nombre del Emperador.",https://assets.lectulandia.co/b/ab/Victor%20Conde/Tiempo%20ardiendo%20al%20reves%20(34)/big.jpg,https://ww3.lectulandia.co/book/tiempo-ardiendo-al-reves/,2026-09-15 02:35:31,Ciencia Ficción
Los perdidos y los condenados,Guy Haley,"Ciencia ficción, Novela",Libro 2 de:Warhammer 40000: Herejía de Horus. El Asedio de Terra,"Con las defensas solares sobrepasadas por la devastadora fuerza de la armada de los traidores y el poder de la disformidad, Horus comienza el verdadero asalto contra el Mundo del Trono. Tras resistir una feroz lluvia de artillería, una inmensa guerra en la superfície da inicio en el exterior del Palacio, y cada centímetro de avance se paga con la vida de miles de millones. El frente es algo espeluznante, y el propio aire se torna veneno y sangre.Por muchos cuerpos que se lancen contra la trituradora, es imposible que los refugios exteriores resistan mucho tiempo más, ni siquiera con el apoyo de los primarcas leales al Emperador. Horus cuenta con sus propios generales a los que acudir… Entre las armas de plaga de Mortarion y la furia de Angron, los defensores se enfrentan a una batalla perdida.",https://assets.lectulandia.co/b/ab/Guy%20Haley/Los%20perdidos%20y%20los%20condenados%20(5)/big.jpg,https://ww3.lectulandia.co/book/los-perdidos-y-los-condenados/,2026-09-15 02:35:33,Ciencia Ficción
La guerra solar,John French,"Ciencia ficción, Novela",Libro 1 de:Warhammer 40000: Herejía de Horus. El Asedio de Terra,"Tras siete años de guerra encarnizada, el infame conflicto conocido como la Herejía de Horus llega a su final. Terra, el Mundo del Trono y el lugar desde que su padre ejerce su poder, se encuentra en el punto de mira del Señor de la Guerra. Lo que Horus ansía es nada menos que matar al Emperador de la Humanidad y subyugar el Imperio. Se ha convertido en un receptáculo ascendido del Caos y ha reunido a un ejército temible con el que desatar su voluntad y su venganza. Sin embargo, tendrá que luchar por llegar al camino hacia el Trono, pues el primarca Rogal Dorn, el Pretoriano y protector de Terra, reúne a las tropas de defensa.Antes de nada, Horus debe desafiar el poderío del propio Sistema Solar y de las numerosas flotas y bastiones que se han desplegado en él. Si pretende siquiera llegar a pisar el suelo de Terra, primero deberá librar la Guerra Solar. Es así como da inicio la primera fase del mayor conflicto de la historia de la humanidad.",https://assets.lectulandia.co/b/ab/John%20French/La%20guerra%20solar%20(5)/big.jpg,https://ww3.lectulandia.co/book/la-guerra-solar/,2026-09-15 02:35:36,Ciencia Ficción
Intermnemosis,Celia Corral-Vázquez,"Ciencia ficción, Juvenil, Novela",N/A,"Ya no hay vuelta atrás. Han secuestrado una nave, a una doctora y al último espécimen que queda de las siderales.Saber por qué esta especie alienígena desapareció de pronto de su planeta es vital para la supervivencia de la humanidad. La mecánica Darsha está dispuesta a arriesgarlo todo por la causa, hasta su propia mente. Por eso se ofrece voluntaria para una intermnemosis y que, así, los recuerdos de la sideral se transfieran a su memoria. ¿Será suficiente para salvar a su propia especie? ¿Será la única manera de comunicarse con las siderales?Intermnemosisse alzó con el Premio Ripley en su quinta edición. Es una obra que habla de la otredad hasta sus últimas consecuencias. El jurado destacó «la descripción de los personajes y el cambio de punto de vista narrativo; el tratamiento de las minorías y la inclusividad, del trauma y de la ecología».Este volumen incluye un prólogo de Verónica Cervilla, ganadora del IV Premio Ripley con «Quién cuidará de ti».",https://assets.lectulandia.co/b/ab/Celia%20CorralVazquez/Intermnemosis%20(1)/big.jpg,https://ww3.lectulandia.co/book/intermnemosis/,2026-09-15 02:35:38,Ciencia Ficción
Los viajeros de las gafas azules,Juan G. Atienza,"Ciencia ficción, Novela",N/A,"Se reunen en este volumen dos fascinantes novelas cortas:Los viajeros de las gafas azulesyLos alegres rayos del Sol, en las que García Atienza explora el misterio del tiempo.EnLos viajeros de las gafas azules, la repetida aparición en las televisiones de todo el mundo de un hombre alto, rubio, silencioso y con gafas azules alarma a las autoridades. Nadie imagina que viene del futuro, ni que su presencia marca el inicio de una búsqueda secreta: encontrar entre miles de jóvenes a la futura madre de un niño que decidirá el destino de la humanidad.EnLos alegres rayos del Sol, un profesor de Historia alquila un caserón para pasar el verano. Allí recibe la insólita visita de un anciano que afirma provenir de una civilización terrestre anterior a toda la historia conocida, y que afirma que la humanidad se encuentra ante un terrible peligro.",https://assets.lectulandia.co/b/ab/Juan%20G%20Atienza/Los%20viajeros%20de%20las%20gafas%20azules%20(6)/big.jpg,https://ww3.lectulandia.co/book/los-viajeros-de-las-gafas-azules/,2026-09-15 02:35:41,Ciencia Ficción
Extranjeros en la Tierra,Poul Anderson,"Ciencia ficción, Relato",N/A,"Joel era un hombre… pero no era un hombre. La apariencia humana constituía un magnífico disfraz… y un destierro. Un cerebro cien veces más poderoso que el cerebro humano, y poseedor de poderes y facultades parapsíquicas inimaginables, se encerraba en la cabeza de Joel. Un desterrado; esto es lo que era. Y así lo supo Margaret al fin, con dolor lancinante. Y el ser que sorprendió a los dos beodos, Brady y Borklin, tampoco era humano, sino hecho de luciente metal. Ni tampoco era humano Kreega, el pequeño guerrero marciano, que luchó valientemente por su vida en la Gran Sirte… Estos son algunos de los extraordinarios personajes que desfilan por las páginas de este libro sobrecogedor, de atisbos tan profundos hacia el futuro y el destino del Hombre.",https://assets.lectulandia.co/b/ab/Poul%20Anderson/Extranjeros%20en%20la%20Tierra%20(27)/big.jpg,https://ww3.lectulandia.co/book/extranjeros-en-la-tierra-poul-anderson/,2026-09-15 02:35:43,Ciencia Ficción
Los comandos de la Humanidad,Antonio Ribera,"Ciencia ficción, Novela",N/A,"Procedentes de Xmalt, conocido como el planetoide Ganímedes, unos seres de cerebro desarrolladísimo, pero constitucionalmente cual monstruosos insectos, invaden la Tierra. Pretenden convertir a la Humanidad en vivero para la alimentación de sus larvas. En un día determinado atacan a los terrícolas por medio de una sugestión colectiva, apoderándose de sus mentes. Sólo dos hombres-peces españoles y unos submarinistas franceses escapan al dominio de tan inexorables amos, pues se hallaban fuera del campo de radiación, al encontrarse sumergidos en el fondo del mar. Serán «Los comandos de la Humanidad», nuevos prometeos de la Tierra. Su odisea nos lleva a Venus a Marte y a Ganímedes.En resumen: otra obra de Antonio Ribera, escritor nacional de Fantasía Científica. Con esta su cuarta obra, aparecida en la colección Nebulae, nos abre nuevas perspectivas dentro de su habitual y ameno estilo narrativo.El volumen lo completan cuatro sugestivas narraciones breves del mismo autor.",https://assets.lectulandia.co/b/ab/Antonio%20Ribera/Los%20comandos%20de%20la%20Humanidad%20(2)/big.jpg,https://ww3.lectulandia.co/book/los-comandos-de-la-humanidad/,2026-09-15 02:35:46,Ciencia Ficción
Después del fin,Leigh Brackett,"Aventuras, Ciencia ficción, Novela",N/A,"El presente volumen incluye dos obras de Leigh Brackett que versan sobre cómo será el mundo después de la Destrucción final. La primera, “El largo mañana”, es una novela larga con un enfoque bastante atípico e intimista con respecto al resto de la producción de esta autora. Han pasado 80 años tras la guerra final, y los supervivientes han regresado al campo, donde viven en unas condiciones similares a la Era Preindustrial. La tecnología está prohibida, así como las poblaciones de gran extensión. Las aldeas dispersas son presa de un oscuro fanatismo religioso. En este marco, dos jóvenes que ansían algo más se embarcarán en la búsqueda de un lugar mítico, donde se cree que pervive el conocimiento antiguo y la clave para el futuro de la humanidad.La segunda pieza es la novelita “La ciudadela de las Edades Perdidas”, que se desarrolla más de mil años después del gran cataclismo. Se trata de una historia mucho más pulp, más propia de Brackett, y que serviría de inspiración tanto al comic “Kamandi” como a la primera versión cinematográfica de “El planeta de los Simios”.Se trata, en suma, de dos piezas singulares en la producción de Leigh Brackett, apartadas de su cronología general, que vuelven a estar tristemente de actualidad en estos tiempos.",https://assets.lectulandia.co/b/ab/Leigh%20Brackett/Despues%20del%20fin%20(9)/big.jpg,https://ww3.lectulandia.co/book/despues-del-fin/,2026-09-15 02:35:48,Ciencia Ficción
La guerra contra los Rull,A. E. van Vogt,"Ciencia ficción, Novela",N/A,"Los Rull son una especie alienígena empeñada en la dominación total del universo y el exterminio de cualquier otra especie inteligente. Un Rull individual es bastante menos inteligente que un humano, pero cuentan con una gran ventaja: sus cuerpos pueden manipular la luz, de forma que pueden modificar su imagen exterior y hacerse pasar por humanos. De este modo, pueden infiltrarse y espiar o sabotear las actividades humanas. Sólo una coalición de razas podría luchar contra ellos con éxito, pero la desconfianza y los prejuicios lo hacen casi imposible. Sin embargo, el doctor Trevor Jamieson está empeñado en conseguirlo.",https://assets.lectulandia.co/b/ab/A%20E%20Van%20Vogt/La%20guerra%20contra%20los%20Rull%20(5)/big.jpg,https://ww3.lectulandia.co/book/la-guerra-contra-los-rull/,2026-09-15 02:35:50,Ciencia Ficción
Actualización,Blake Crouch,"Ciencia ficción, Novela",N/A,"Logan Ramsay es el siguiente paso en la evolución humana.Al principio no tiene claro qué ha cambiado. Solo nota detalles puntuales: se concentra mejor, es capaz de hacer más cosas a la vez, lee muy rápido, su memoria ha aumentado y no necesita las mismas horas de sueño. Poco a poco, es innegable: a su cerebro le está pasando algo. Y a su cuerpo. Ha empezado a ver el mundo y a quienes lo rodean de un modo completamente nuevo.La verdad es que el genoma de Logan ha sufrido un hackeo. Y hay una razón por la que ha experimentado esta actualización, una razón que se remonta a un horrible legado familiar. Lo que le está sucediendo es solo el inicio de un proyecto mucho más grande, y para hacerle frente Logan tendrá que usar sus nuevas habilidades y transformarse en algo más que él mismo. Quizás incluso en algo más que un ser humano.Pero en el proceso no puede evitar preguntarse: ¿y si en realidad la única esperanza de la humanidad consiste en diseñar nuestra propia evolución?Íntima y épica a la par,Actualizaciónes la nueva novela del galardonado autor deMateria oscura, una historia frenética sobre los límites de la humanidad y sobre nuestro potencial ilimitado. La productora de Steven Spielberg está desarrollando su adaptación cinematográfica.",https://assets.lectulandia.co/b/ab/Blake%20Crouch/Actualizacion%20(4)/big.jpg,https://ww3.lectulandia.co/book/actualizacion/,2026-09-15 02:35:53,Ciencia Ficción
De nuevo centauro,Katixa Agirre,"Ciencia ficción, Novela, Otros",N/A,"Estamos en un futuro cercano. El turismo casi ha desaparecido, por todas partes hay refugiados climáticos, la realidad virtual ha invadido la vida cotidiana y todo el mundo deja atrás el cuerpo a la primera de cambio gracias a su avatar.Paula Pagaldai, una diseñadora que trabaja para el metaverso, se marcha a París en busca de inspiración para un proyecto sobre Mary Wollstonecraft. Tras los pasos de la vindicadora de los derechos de las mujeres, Paula experimentará la realidad de una manera cada vez más mezclada. ¿Dónde acaba lo virtual y empieza lo real? ¿Están la historia y el presente tan separados como nos hacen creer? ¿Por qué Mary Wollstonecraft se le mete en la cama?",https://assets.lectulandia.co/b/ab/Katixa%20Agirre/De%20nuevo%20centauro%20(2)/big.jpg,https://ww3.lectulandia.co/book/de-nuevo-centauro/,2026-09-15 02:35:55,Ciencia Ficción
La máquina de matar,Juan G. Atienza,"Ciencia ficción, Relato",N/A,"Si una catástrofe atómica asolase nuestro planeta ¿serían capaces los supervivientes de asimilar la dura lección recibida, o volvería el género humanos caer fatalmente en el culto a la violencia? Si usted tuviera todo el oro del mundo ¿se atrevería a dejarse congelar para ser resucitado muchos siglos después? Hay hombres eminentemente sabios que son incapaces de dominar con su ciencia los males horribles que el pasado imprimió en sus almas.Estas y otras cuestiones igualmente apasionantes plantea Juan G. Atienza –guionista y director cinematográfico– en este libro suyo,La máquina de matar, de narraciones de Fantasía Científica. No dudamos que, al incluirle en nuestra coleción NEBULAE, damos a conocer a nuestros lectores un nuevo valor literario de este género tan leído en nuestro idioma.",https://assets.lectulandia.co/b/ab/Juan%20G%20Atienza/La%20maquina%20de%20matar%20(5)/big.jpg,https://ww3.lectulandia.co/book/la-maquina-de-matar-juan-g-atienza/,2026-09-15 02:35:58,Ciencia Ficción
El volumen del tiempo I,Solvej Balle,"Ciencia ficción, Novela",Libro 1 de:El volumen del tiempo,"Tara Selter y su marido Thomas viven en Clairon-sous-Bois y son libreros anticuarios especializados en libros ilustrados del siglo XVIII. El 17 de noviembre Tara se despide de su esposo y viaja a Burdeos para asistir a una subasta. A última hora de la tarde toma un tren de Burdeos a París y se aloja en el hotel de siempre, situado en la rue Almageste, donde hay muchas librerías anticuarias. Su plan es dedicar los dos días siguientes a visitar a colegas y realizar más compras para su negocio. El 18 de noviembre va a una de esas librerías y se quema la mano con una estufa de gas. De vuelta en el hotel se lo cuenta a Thomas por teléfono y se acuesta.Y entonces sucede algo despierta por la mañana en el hotel, no tarda en descubrir que continúa en el 18 de noviembre. Su marido no es consciente de ese bucle temporal y es inútil intentar explicárselo. Solo ella parece percatarse de que están atrapados en un día que se repite hasta el infinito. Y solo ella parece sometida al paso del su quemadura sana, lo cual quiere decir que −a diferencia de los demás− ella sí envejece. Y Tara, que es la angustiada narradora de su propia historia, se va quedando cada vez más aislada en un tiempo sin tiempo…Utilizando los mimbres de la ciencia ficción, la autora nos propone una deslumbrante exploración de la memoria, el amor, la soledad, la monotonía y la libertad de decisión. Este libro es la primera entrega de un ambicioso proyecto consistente en siete volúmenes, de los que ya han aparecido cinco en su lengua original. Todavía en marcha, se ha convertido en un hito de las letras danesas y está en proceso de traducción en múltiples idiomas, de la mano de prestigiosas editoriales.",https://assets.lectulandia.co/b/ab/Solvej%20Balle/El%20volumen%20del%20tiempo%20I%20(1)/big.jpg,https://ww3.lectulandia.co/book/el-volumen-del-tiempo-i/,2026-09-15 02:36:00,Ciencia Ficción
El Hexágono de Saturno,Fran Márquez,"Ciencia ficción, Novela",N/A,"Los Gemelos Tesla han salvado al mundo. La Humanidad ha vivido una era dorada gracias a los inventos de Nikola Tesla y el liderazgo político de Alexander Tesla. A pesar de que fallecieran en un trágico accidente hace ya diecisiete años, todo el mundo los sigue venerando todavía hoy, en 1960.Tras años sin nuevos avances, la Humanidad está a las puertas de otra revolución. La sonda Edison ha descubierto una tormenta gigantesca en el polo norte de Saturno con forma Hexagonal, aunque lo más sorprendente de todo es que su origen no es natural.Antes de dejar de funcionar, la sonda transmitió datos acerca de un artefacto que se sospecha puede ser el causante de este misterioso fenómeno.El gobierno federal mundial ha decidido enviar una misión con el objetivo de estudiar este artefacto y si es posible, recuperarlo. Para ello se va a utilizar la tecnología más avanzada y la tripulación más cualificada, entre la que se encuentra Nathaniel Tesla, el ermitaño clon de Los Gemelos.Las dificultades serán muchas y los peligros, extremos e inimaginables, pero resolver el misterio que encierra el Hexágono de Saturno podría ser el primer paso para que la Humanidad pueda llegar a conquistar las estrellas.",https://assets.lectulandia.co/b/ab/Fran%20Marquez/El%20Hexagono%20de%20Saturno%20(1)/big.jpg,https://ww3.lectulandia.co/book/el-hexagono-de-saturno/,2026-09-15 02:36:03,Ciencia Ficción
Meteoritos,Domingo Santos,"Ciencia ficción, Relato",N/A,"Nada mejor para presentar los quince relatos que componen este volumen que las propias palabras de su autor. «Los quince tienen —dice Domingo Santos en el prólogo de su obra— en su conjunto un algo que pertenece a esta misma esencia que es parte integrante de toda la Humanidad. Hay en todos ellos un poco de alegría y un mucho de tristeza, un algo de ironía y unas gotas de sarcasmo… el atisbo de una Humanidad peor a la nuestra, y el deseo de una Humanidad mejor. Y, sobre todo ello, dominándolo, un amor, un inmenso amor a esta incógnita indescifrable que es el principal tema, el único tema de toda la literatura de fantasía científica: el mañana.»Éste es el espíritu que ha animado la publicación de esta obra, una de las más complejas y representativas salidas de las manos de un escritor español de fantasía científica.",https://assets.lectulandia.co/b/ab/Domingo%20Santos/Meteoritos%20(18)/big.jpg,https://ww3.lectulandia.co/book/meteoritos/,2026-09-15 02:36:05,Ciencia Ficción
¡Vaya planeta!,Murray Leinster,"Ciencia ficción, Novela",N/A,"¡Vaya planeta!es una crítica a la humanidad, mordaz aunque no exenta de humor, desde el punto de vista de una civilización con 50000 años de historia, situada en un lejano sistema estelar de nuestra galaxia. Esta civilización descubre la existencia de la Tierra tras un accidente causado por los avances de la humanidad en energía atómica. Al visitarnos con poderosas naves, nos juzgan desde su punto de vista, mucho más inteligente y ético, y determinan que somos incapaces de cambiar. Deciden dejarnos «solos» con una vigilancia espacial que impide que extendamos nuestros destructivos instintos guerreros. Sólo queda la esperanza remota de que, si mejoramos, podamos integrarnos algún día a la federación galáctica. El volumen se completa con dos relatos de Murray Leinster: «El extraño caso de John Kingman» y «Si… fuera de Moklin»",https://assets.lectulandia.co/b/ab/Pierre%20Versins/Vaya%20planeta%20(1)/big.jpg,https://ww3.lectulandia.co/book/vaya-planeta/,2026-09-15 02:36:08,Ciencia Ficción
La gran cruzada,Poul Anderson,"Ciencia ficción, Humor, Novela",N/A,"Un sordo zumbido inundó el navio, haciendo que todo temblase. No sentí nada, pero en la pantalla inferior, la tierra se encogió de golpe. Era brujería. Prefiero que no se anule la tracción trasera de un vehículo cuando despega. Combatí las náuseas y miré fijamente la bóveda del cielo que se reflejaba en la pantalla. Antes de que pasase mucho tiempo estábamos entre las nubes, que no eran otra cosa que brumas que flotaban muy altas.—Ahora, al sur —ordenó sir Roger. Branithar rezongó, giró una manivela y bajó bruscamente una barra. Oí un chasquido como el de un cerrojo. La barra permaneció bajada.Sus ojos amarillos centellearon con un triunfo diabólico. Se levantó de un salto de su asiento y me espetó:—Consummati estis! —Su latín resultaba execrable—. Estáis acabados. ¡Acabo de enviaros a la muerte!",https://assets.lectulandia.co/b/ab/Poul%20Anderson/La%20gran%20cruzada%20(2)/big.jpg,https://ww3.lectulandia.co/book/la-gran-cruzada/,2026-09-15 02:36:10,Ciencia Ficción
El guardián de los sueños,Orson Scott Card,"Ciencia ficción, Fantástico, Otros, Relato",N/A,"El guardián de los sueños, la impresionante recopilación de narraciones cortas de uno de los más aclamados escritores de la ciencia ficción moderna, está llamado a seducir a los millones de fans de Scott Card en todo el mundo. El libro contiene veintidós historias escritas desde 1990. En todas ellas, el lector comprobará la maestría del autor en su mejor momento. El libro contiene ciencia ficción, fantasía, y algunas de las mejores obras de ficción del autor destinadas el gran público. Además, incluye dos relatos procedentes del universo de Alvin Maker e introducciones del propio Scott Card para cada relato, con comentarios sobre su vida y su obra. Junto aMapas en el espejo, esta colección completa la retrospectiva definitiva de la ficción breve del «mejor escritor que ofrece la ciencia ficción moderna», según elHouston Post.",https://assets.lectulandia.co/b/ab/Orson%20Scott%20Card/El%20guardian%20de%20los%20suenos%20(8)/big.jpg,https://ww3.lectulandia.co/book/el-guardian-de-los-suenos-orson-scott-card/,2026-09-15 02:36:12,Ciencia Ficción
Nueva Dimensión 25,Adalberto Cersosimo,"Ciencia ficción, Crítica y teoría literaria, Ensayo, Fantástico, Publicaciónes periódicas, Relato",Libro 25 de:Nueva Dimensión,"Revista española de ciencia ficción y fantasía, fundada por Sebastián Martínez, Domingo Santos y Luis Vigil.CONTENIDO:Nueva Dimensión HOY:* Editorial:Trazando líneas* Se piensa:Libros de SF, por Domingo Santos* Se dice* Se escribeNueva Dimensión MAÑANA:*El método suave,por Kenneth Bulmer*Enigma,por Colin Kapp*Proceso,por A. E. van Vogt*Mark Elf, por Cordwainer Smith*Mercenario, por Agustín A. Córdoba*Arenas muertas, por Francis Carsac*El empleo, por Francisco Ruiz Gisbert*Otro verano sin fresas, por Alfonso Bengoechea Miravalles*Entorno, por Chester S. Geier*Interludio marciano, por Gene Hunter*Las piedras blancas, por Adalberto Cersosimo*La solución final, por R. W. Mackelworth*Un tal Gibson, por Jean-Raoul Pasquier*La ventana entablada, por Ambrose Bierce",https://assets.lectulandia.co/b/ab/AA%20VV/Nueva%20Dimension%2025%20(1150)/big.jpg,https://ww3.lectulandia.co/book/nueva-dimension-25/,2026-09-15 02:36:15,Ciencia Ficción
Preferiblemente muerta,Ramón Somoza,"Ciencia ficción, Relato",Libro 33 de:En órbitas extrañas,"Tanit nunca quiso ser emperatriz, y mucho menos gobernar a más de dos billones de seres, de nada menos que treinta y nueve especies. Sin embargo, una vez elegida, intentará hacerlo lo mejor que puede.¿Pero es eso suficiente? Hay enemigos es su imperio, que no solo la quieren derrocar, sino incluso verla muerta. La joven Tanit no está demasiado preocupada, habiendo sobrevivido a múltiples aventuras y haber entrenado con el maestro de los maestros Krogan. Y si la potencia de fuego no basta, aún puede echar mano a sus descomunales poderes psíquicos.Sin embargo, lo que nunca esperó es que para matarla sus enemigos intentasen amenazar a sus seres más queridos... Y no lo va a consentir.",https://assets.lectulandia.co/b/ab/Ramon%20Somoza/Preferiblemente%20muerta%20(33)/big.jpg,https://ww3.lectulandia.co/book/preferiblemente-muerta/,2026-09-15 02:36:17,Ciencia Ficción
"Cefalox, el cibercalamar",Adam Blade,"Aventuras, Ciencia ficción, Infantil, Novela",Libro 1 de:Aqua fieras,"Cuando su padre es secuestrado por Céfalox, el cibercalamar, Max los sigue.¿Es Max lo suficientemente valiente y listo como para sobrevivir? ¿Y descubrira quién controla a las aquafieras?",https://assets.lectulandia.co/b/ab/Adam%20Blade/Cefalox%20el%20cibercalamar%20(1)/big.jpg,https://ww3.lectulandia.co/book/cefalox-el-cibercalamar/,2026-09-15 02:36:21,Ciencia Ficción
La otra cara de la luna,Fil Norstad,"Ciencia ficción, Novela",N/A,"Un accidente casual lanza hacia la Luna a Peter Grossman, reportero gráfico delSunbeam, quien por un cúmulo de circunstancias, comparte las penalidades y la glorias del grupo de físicos dedicados a la astronáutica. Las divertidas escenas y aventuras que se desarrollan en torno al hallazgo de un meteorito de antimateria entretejidas con los fenómenos de inercia de masas a que da lugar, el salvamento de la tripulación del satélite artificial y el lanzamiento del protagonista en órbita hacia la Luna, desarrollado con rigor de cálculo, cautivan la atención del lector hasta las últimas lineas. Como final, un cuento corto titulado «El convertidor de magnitud».",https://assets.lectulandia.co/b/ab/Fil%20Norstad/La%20otra%20cara%20de%20la%20Luna%20(1)/big.jpg,https://ww3.lectulandia.co/book/la-otra-cara-de-la-luna-fil-norstad/,2026-09-15 02:36:24,Ciencia Ficción
Ningún tiempo como el futuro,Nelson Bond,"Ciencia ficción, Relato",N/A,"Nelson Bond es un escritor apocalíptico, es decir que está obsesionado por el fin del mundo. En esta obra magistral ""NINGÚN TIEMPO COMO EL FUTURO"", nos presenta este presunto fin del planeta de diversas maneras, desde la desintegración atómica hasta la muerte por eclosión del globo, que alberga en su seno el titánico polluelo de una monstruosa ave cósmica. El grupo de narraciones que integran este volumen, constituye una de las más valiosas aportaciones a la literatura de ficción científica. Algunas son verdaderamente alucinantes, y otras nos transportan a un futuro más o menos lejano, pero en el que los hombres aman, luchan y mueren movidos por ideales y motivos que no son muy distintos de los nuestros. El lector asiste con el ánimo en suspenso a un desfile de personajes y situaciones que no podrá olvidar jamás.",https://assets.lectulandia.co/b/ab/Nelson%20Bond/Ningun%20tiempo%20como%20el%20futuro%20(1)/big.jpg,https://ww3.lectulandia.co/book/ningun-tiempo-como-el-futuro/,2026-09-15 02:36:27,Ciencia Ficción
Amor y Odio,Corcel Montenegro,"Ciencia ficción, Novela",N/A,"En un universo donde los mundos colisionan y las realidades se entrelazan, Leeloo, una guerrera de otro mundo, y el Capitán Indio de la Enterprise Nova deben unir fuerzas para enfrentar la amenaza del poderoso Kal'Vor, quien busca destruir ambos universos. A lo largo de su viaje, Leeloo e Indio no solo luchan contra enemigos externos, sino también contra las diferencias culturales y personales que los separan. Sin embargo, a través del peligro, surge una conexión profunda entre ellos, un amor marcado por el sacrificio y la distancia. Cuando finalmente deben separarse para salvar sus mundos, ambos descubren que su vínculo trasciende el espacio y el tiempo, demostrando que algunas conexiones no pueden ser cortadas, incluso por la vastedad del universo.",https://assets.lectulandia.co/b/ab/Corcel%20Montenegro/Amor%20y%20Odio%20(1)/big.jpg,https://ww3.lectulandia.co/book/amor-y-odio-corcel-montenegro/,2026-09-15 02:36:30,Ciencia Ficción
Pasaporte a la eternidad,J. G. Ballard,"Ciencia ficción, Relato",N/A,"Pasaporte a la eternidadcompleta junto conBilenio, El hombre imposible, Las voces del tiempoyPlaya terminal, y algunas de las historias deVermillion Sands(1971), el ciclo de cuentos que Ballard escribiera entre 1956 y 1964, y que corresponde al llamado «primer período» del autor. En estos cuentos se muestra de muy diversas formas «el hecho principal del siglo veinte: el concepto del futuro ilimitado». Pero al optimismo cómplice de la sociedad contemporánea, Ballard opone la erosión del paisaje y de los materiales en desuso, escenarios desiertos y estériles, edificios vacíos, máquinas derrumbadas, fallas estructurales en el espacio y el tiempo. Lo fantástico nace hoy junto con la realidad externa, como componente de la vida cotidiana, y las imágenes tecnológicas y psicosomáticas a veces en el espacio interior como fósiles irreductibles del futuro.",https://assets.lectulandia.co/b/ab/J%20G%20Ballard/Pasaporte%20a%20la%20eternidad%20(21)/big.jpg,https://ww3.lectulandia.co/book/pasaporte-a-la-eternidad/,2026-09-15 02:36:33,Ciencia Ficción
El mundo perdido (trad. Amando Lázaro Ros),Arthur Conan Doyle,"Aventuras, Ciencia ficción, Novela",N/A,"Además del imperecedero Sherlock Holmes, el primer detective consuItor del mundo, debemos a Conan Doyle la creación de otro gran personaje, el pintoresco profesor Challenger, «una mente privilegiada encerrada en un cuerpo de Pitecántropo», cuyas opiniones científicas desatan las polémicas más encarnizadas.El mundo perdidopuede considerarse la novela fundacional del género de dinosaurios, tan popular hoy en día gracias a Michael Crichton y Hollywood. La novela narra la expedición de dos científicos, un periodista y un aventurero, a la inquietante Tierra de Maple White, para demostrar a los incrédulos compañeros de ciencia del profesor Challenger la pervivencia de especies prehistóricas en nuestros días.",https://assets.lectulandia.co/b/ab/Arthur%20Conan%20Doyle/El%20mundo%20perdido%20trad%20Amando%20Lazaro%20Ros%20(83)/big.jpg,https://ww3.lectulandia.co/book/el-mundo-perdido-trad-amando-lazaro-ros/,2026-09-15 02:36:36,Ciencia Ficción
La voz del espacio,Charles Chilton,"Ciencia ficción, Novela",N/A,"Un fascinante relato de cuatro astronautas, que tras haber visitado la Luna por vez primera y haber obtenido muestras geológicas e información científica, se ven sorprendidos a su regreso a la Tierra por una misteriosa alteración de todos sus planes. La nave queda a merced de unos ignotos y misteriosos seres inteligentes de otro mundo, que se hacen obedecer a traves de la VOZ que dirige a los tripulantes delLuna. Son conducidos a una fantástica existencia en nuestro propio mundo, pero a través del pasado de la Tierra. Estos seres son inteligentes y pacíficos.Un relato apasionante de Charles Chilton, maravilloso y lleno de insospechadas aventuras que deleitará al lector de ciencia ficción.",https://assets.lectulandia.co/b/ab/Charles%20Chilton/La%20voz%20del%20espacio%20(1)/big.jpg,https://ww3.lectulandia.co/book/la-voz-del-espacio/,2026-09-15 02:36:38,Ciencia Ficción
Entre dinosaurios,George Gaylord Simpson,"Ciencia ficción, Novela",N/A,"Entre dinosaurioses una de las obras de ficción más extrañas aparecidas en los últimos años. Esta suerte deParque jurásico avant la lettrees la ficción póstuma del paleontólogo más importante del siglo, y en ella se nos narran las peripecias de Sam Magruder, un científico que desapareció en el año 2162, mientras trabajaba en un problema de teoría cuántica. Arrojado ochenta millones de años atrás en el tiempo, Magruder descubre que es el único ser humano en un valle plagado de dinosaurios, a los que deberá enfrentarse con su inteligencia de hombre moderno y sus conocimientos científicos.Entre dinosaurioses no sólo un relato clásico en la tradición deLa máquina del tiempode H. G. Wells, sino una obra filosófica que examina la realidad de la existencia moderna contra el telón de fondo de nuestro pasado prehistórico.",https://assets.lectulandia.co/b/ab/George%20Gaylord%20Simpson/Entre%20dinosaurios%20(1)/big.jpg,https://ww3.lectulandia.co/book/entre-dinosaurios/,2026-09-15 02:36:42,Ciencia Ficción
La gran revelación,Francisco Valverde Torné,"Ciencia ficción, Novela",N/A,"Estados Unidos ha logrado por fin resolver el problema de la navegación interplanetaria y, con gran secreto se ha construido una inmensa astronave que pronto despegará para Marte. Es una astronave atómica, claro está, y el terrible chorro de despegue dejará arrasado todo el terreno del campo de astronavegación. Es una empresa militar y el alto estado mayor cuida de ella. Y, ahora, sin previa orden del alto mando, antes del plazo solicitado para la salida, la nave con todo su tripulación de sabios, militares y observadores, despega y emprende su camino por el espacio.-¡Traición¡ - se susurra-, ¡traición!, pero ¿de quién? En la tierra no lo sabe nadie. En el astronave sí. Allí los supuestos traidores se han desenmascarado. Son habitantes de Venus. Porque Marte está desierto como la Luna, pero en Venus florece una civilización biológicamente reptiloide pero intelectual y moralmente más avanzada que la terrena.",https://assets.lectulandia.co/b/ab/Francisco%20Valverde%20Torne/La%20gran%20revelacion%20(3)/big.jpg,https://ww3.lectulandia.co/book/la-gran-revelacion/,2026-09-15 02:36:45,Ciencia Ficción
El libro de otro lugar,China Miéville,"Ciencia ficción, Fantástico, Juvenil, Novela",N/A,"«Necesitábamos una herramienta —dijo ella—. Así que se la pedí a los dioses».Siempre ha habido rumores, leyendas, el guerrero que no puede ser asesinado, que ha visto mil civilizaciones levantarse y caer, el guerrero de incontables nombres: Unute, el Hijo del Rayo, la Muerte misma… A quien en estos días se le conoce simplemente como «B».Y él sólo anhela ser capaz de morir.Un grupo de operaciones encubiertas del ejército estadounidense le da a B la promesa de conseguir su objetivo de muerte, todo lo que tiene que hacer a cambio es ayudarles. Pero cuando un soldado demasiado mortal vuelve a la vida, el suceso imposible acaba apuntando hacia una fuerza aún más recóndita y, al menos igual de poderosa, que la del propio B. Una fuerza que persigue sus propios objetivos.",https://assets.lectulandia.co/b/ab/China%20Mieville/El%20libro%20de%20otro%20lugar%20(9)/big.jpg,https://ww3.lectulandia.co/book/el-libro-de-otro-lugar/,2026-09-15 02:36:48,Ciencia Ficción
Pansexualactic,Víctor Conde,"Ciencia ficción, Novela",Libro 5 de:Piscis de Zhintra,"Nuestra querida Piscis de Zhintra regresa a las andadas en una nueva entrega llena de aventuras, disparos, viajes siderales, batallas espaciales y una pizca de sexo. Un sentido y honesto homenaje a la ciencia ficción pulpera de los años cincuenta y sesenta en la mejor línea de The Expanse y Star Trek que los aficionados al género no pueden perderse.",https://assets.lectulandia.co/b/ab/Victor%20Conde/Pansexualactic%20(33)/big.jpg,https://ww3.lectulandia.co/book/pansexualactic/,2026-09-15 02:36:51,Ciencia Ficción
Torrente de fuego y otros relatos,Vonda N. McIntyre,"Ciencia ficción, Relato",N/A,"Esta primera colección de relatos de Vonda N. McIntyre incluye tres de las más famosas novelas cortas de estos últimos años: ""Aztecas"", nominada para los premios Hugo y Nebula, describe una cultura interestelar en la que los vuelos por el espacio son de algún modo una prueba de resistencia. ""Tapón Roscado"" (seleccionada por Robert Silverberg para su antologíaThe Crystal Ship), es un relato de camaradería y sacrificio en un planeta carcelario. ""De Niebla, Hierba y Arena"", que obtuvo el premio Nebula, cuenta la prodigiosa historia de un auténtico curador en un futuro no demasiado distante.",https://assets.lectulandia.co/b/ab/Vonda%20N%20McIntyre/Torrente%20de%20fuego%20y%20otros%20relatos%20(5)/big.jpg,https://ww3.lectulandia.co/book/torrente-de-fuego-y-otros-relatos/,2026-09-15 02:36:54,Ciencia Ficción
Mano de Galaxia (Edición 2001),Gabriel Bermúdez Castillo,"Ciencia ficción, Novela",N/A,"La obra consta de dos partes. La primera, tituladaGolconda, se publicó mutilada y censurada en 1987. La segunda,Haladriel,Esta es la versión en soporte electrónico del año 2001 (versión sin censurar), anterior a la revisión del texto que llevó a cabo el autor en 2008.Artículo explicativo de las peripecias editoriales de esta novela:LA CIENCIA FICCION EN LA UNIVERDIDAD: MANO DE GALAXIA, de Gabriel Bermúdez por Domingo Santos",https://assets.lectulandia.co/b/ab/Gabriel%20Bermudez%20Castillo/Mano%20de%20Galaxia%20Edicion%202001%20(9)/big.jpg,https://ww3.lectulandia.co/book/mano-de-galaxia-edicion-2001/,2026-09-15 02:36:57,Ciencia Ficción
Lotería solar (trad. Mariano Orta Manzano),Philip K. Dick,"Ciencia ficción, Novela",N/A,"PHILIP K. DICK, se ha convertido en uno de los más notables escritores de obras de fantasía científica. Aunque nacido en Chicago, lleva mucho tiempo residiendo en Berkeley, California. De él se ha publicado en esta colección la notabilísima novelaEl tiempo doblado, (Un mundo de mutantes) que tanto ha impresionado al público de habla española. Próximamente aparecerá en esta colección su novela, no menos sensacional,Planetas morales, comparable, según muchos críticos con “Un mundo feliz”, de Aldous Huxley, y “1984” de George Orwell. En cuanto aLotería solar, el propio autor dice de ella:«Empecé a interesarme por la Teoría de los Juegos, primero de una forma intelectual (como en el ajedrez) y luego con la creciente e inquietante convicción de que ei Minimax estaba desempeñando un papel dominante en nuestra vida nacional. Aunque especialistas de campos relacionados (matemáticas, estadística, sociología, economía) están enterados de su existencia, la Teoría de los Juegos, ha adquirido poca publicidad. Sin embargo fue empleada como instrumento en la estrategia aliada durante la Segunda Guerra Mundial. Mientras yo estaba escribiendo “Lotería solar”, Von Neumann, el coinventor de la Teoría de los Juegos, fue nombrado miembro de lo Comisión de Energía Atómica.»",https://assets.lectulandia.co/b/ab/Philip%20K%20Dick/Loteria%20solar%20trad%20Mariano%20Orta%20Manzano%20(48)/big.jpg,https://ww3.lectulandia.co/book/loteria-solar-trad-mariano-orta-manzano/,2026-09-15 02:36:59,Ciencia Ficción
Máquina de guerra,Paolo Bacigalupi,"Ciencia ficción, Novela",Libro 3 de:Ship breaker,"Tool, mitad hombre y mitad bestia diseñada para el combate, demuestra ser capaz de mucho más de lo que sus creadores habían soñado nunca. Erigido en líder de un grupo de niños soldado y perseguido implacablemente por alguien decidido a destruirlo, Tool guarda celosamente su secreto más preocupante: ha encontrado la manera de resistir sus impulsos implantados genéticamente de sumisión y lealtad hacia sus amos. Ahora ha llegado el momento de empezar una guerra contra quienes lo crearon como esclavo.De uno de los maestros indiscutibles de la ciencia ficción contemporánea llega un relato fascinante que explora las intrincadas relaciones que conectan al cazador y la presa, al amo y al esclavo, al humano y al monstruo.",https://assets.lectulandia.co/b/ab/Paolo%20Bacigalupi/Maquina%20de%20guerra%20(11)/big.jpg,https://ww3.lectulandia.co/book/maquina-de-guerra/,2026-09-15 02:37:02,Ciencia Ficción
Una memoria llamada Imperio,Arkady Martine,"Ciencia ficción, Novela",Libro 1 de:Teixcalaán,"Cuando la embajadora Mahit Dzmare llega al centro del multisistema imperio teixcalaanlí, descubre que su predecesor, el anterior embajador de su pequeña y ferozmente independiente estación minera, ha muerto en extrañas circunstancias. Y nadie parece dispuesto a admitir lo innegable: su muerte no ha sido accidental y ella podría ser la siguiente.En medio de la tensa atmósfera que se respira en los niveles más altos de la corte imperial, Mahit debe averiguar quién está detrás del asesinato y proteger su estación de la incesante expansión de Teixcalaán, al mismo tiempo que investiga una fascinante cultura alienígena, manipula sus engranajes políticos y se esfuerza por preservar el letal secreto tecnológico que esconde; uno que podría rescatar su estación de la aniquilación… o sepultarla para siempre.Una memoria llamada imperioes una impresionante epopeya espacial sobre la colonización de un imperio con ecos del bizantino y el maya, pero también sobre la forma en que las diferentes lenguas moldean el pensamiento (al más puro estilo deLa llegada), los conflictos de sucesión (con tintes deDune) y la investigación de un asesinato dentro de un apasionante entramado político en una civilización tan remota y cercana como la deFundación.",https://assets.lectulandia.co/b/ab/Arkady%20Martine/Una%20memoria%20llamada%20Imperio%20(1)/big.jpg,https://ww3.lectulandia.co/book/una-memoria-llamada-imperio/,2026-09-15 02:37:06,Ciencia Ficción
El general derribó a un ángel,Howard Fast,"Ciencia ficción, Fantástico, Relato",N/A,"Entre las actividades de este escritor polifacético, se encuentran los cuentos de ciencia ficción que escribió, a la altura de los grandes del género. Este libro es una buena muestra:• El general derribó a un ángel• El ratón• Milty Boil, un visionario• El mohawk• La herida• El «Wall Street Journal» de mañana• El intervalo• El cine• Los insectos",https://assets.lectulandia.co/b/ab/Howard%20Fast/El%20general%20derribo%20a%20un%20angel%20(6)/big.jpg,https://ww3.lectulandia.co/book/el-general-derribo-a-un-angel/,2026-09-15 02:37:09,Ciencia Ficción
El poder mental,Leo Brett,"Ciencia ficción, Novela",N/A,"Desde hacía mucho tiempo, los novelistas habían especulado sobre la invasión de la Tierra por una terrible raza procedente de los espacios interestelares: pigmeos, gigantes, insectos, robots, monstruos o “cosas” capaces de introducirse en el cuerpo humano para adueñarse de sus actos. El verdadero ataque, cuando llegó, fue distinto a eso. Aterradoramente distinto. El mundo fué invadido por un par de ojos que brillaban en la oscuridad. Eran unos ojos poderosos, mortales… Los que cayeron bajo su influencia se sintieron cambiar interiormente. ¿Qué ocurría a los que eran atrapados por aquella mirada? ¿Podría ser salvada la civilización?",https://assets.lectulandia.co/b/ab/Leo%20Brett/El%20poder%20mental%20(1)/big.jpg,https://ww3.lectulandia.co/book/el-poder-mental/,2026-09-15 02:37:11,Ciencia Ficción
Monstruos liberados,Diana F. Devora,"Ciencia ficción, Novela",Libro 4 de:Monstruo busca monstruo,"Final de la serie de Monstruo busca monstruo. Sumida en la desesperación, Summer ni siquiera intenta luchar cuando descubre que es prisionera de su peor pesadilla. Su destino y el de sus amigos dependen ahora más que nunca de los líderes de Kimantics y Belerofonte, dos empresas que se han embarcado en una frenética carrera por alcanzar el mismo objetivo, aunque eso implique sacrificar sus propias creaciones. Para escapar y descubrir qué ha sido de Rayo Negro, a Summer no le queda otra opción que enfrentarse a sus demonios. Solo así podrá proteger a los que ama, detener a los que ansían destruir su mundo y, por encima de todo, liberarse. Monstruos liberados es la cuarta y última parte de una adictiva serie llena de acción, giros sorprendentes y personajes inolvidables, retratados por la autora en las ilustraciones que acompañan el texto.",https://assets.lectulandia.co/b/ab/Diana%20F%20Devora/Monstruos%20liberados%20(4)/big.jpg,https://ww3.lectulandia.co/book/monstruos-liberados/,2026-09-15 02:37:14,Ciencia Ficción
Los seis dedos del tiempo,R. A. Lafferty,"Ciencia ficción, Relato",N/A,"El presente volumen recoge nueve de los veintiún relatos reunidos en «Nine Hundred Grandmothers», de R. A. Lafferty (los demás aparecieron en el número 43 de NEBULAE, títulado «Novecientas abuelas»).Los títulos de los relatos son: Los seis dedos del tiempo; Organización política y costumbres de los Camiroi; En nuestra manzana; Querida tragona; Terror de siete días; Rana de la montaña; Valle angosto; A través de otros ojos y El agujero de la esquina.R. A. Lafferty es uno de los escritores más originales del género, que rompe o transforma, en apariencia a voluntad, las restricciones literarias normales, introduce el humor en las cuestiones serias y quiebra lo grotesco en una suerte de foklorismo lírico. Todo esto junto con la imaginación más desatada que hayamos disfrutado en muchos años.",https://assets.lectulandia.co/b/ab/R%20A%20Lafferty/Los%20seis%20dedos%20del%20tiempo%20(5)/big.jpg,https://ww3.lectulandia.co/book/los-seis-dedos-del-tiempo/,2026-09-15 02:37:17,Ciencia Ficción
Los parias del átomo,Max-Andrè Rayjean,"Ciencia ficción, Novela",N/A,"El crepúsculo caía sobre París, trayendo consigo un poco de fresco tras aquel pesado día de verano. La gente no parecía tener demasiada prisa en regresar a sus hogares. Todo lo contrario, se dedicaban a matar el tiempo paseando por las aceras, donde se detenían delante de los escaparates, o deambulando por plazas y parques. En las terrazas y balcones, los grupos se dedicaban a mirar despreocupadamente, mientras un terrible peligro les amenazaba. Pero nadie parecía darse cuenta de ello. Henri Fridman se encogió de hombros y subió al helibús que volvería a llevarle a su casa, en Montrouge.",https://assets.lectulandia.co/b/ab/MaxAndre%20Rayjean/Los%20parias%20del%20atomo%20(1)/big.jpg,https://ww3.lectulandia.co/book/los-parias-del-atomo/,2026-09-15 02:37:20,Ciencia Ficción
El fósil 3,Joshua T. Calvert,"Ciencia ficción, Intriga, Novela, Psicológico",Libro 3 de:Secretos de Marte,"Han transcurrido veinte años desde que la expedición tripulada a Marte encontrara un fósil humano en el planeta rojo. Las democracias occidentales se erosionan ante una nueva crisis cuyo origen está en Rusia: los diez mil Constructores rescatados, ahora ya mayores de edad, han dejado de estar bajo la protección de las Naciones Unidas y se han visto obligados a huir.Un país que acoge a los descendientes de Xinth es la Zona Especial Administrativa de Sudáfrica, donde un único Constructor, llamado Hortat, se presenta como candidato a la presidencia. Un suceso sin precedente alguno que despierta tanto la estupefacción en el mundo como la esperanza por un futuro mejor. Hortat gana, pero esa misma noche es víctima de un atentado. Para aclarar las misteriosas circunstancias de su muerte, el dueño de la Fundación Humana, Luther Karlhammer, contrata al antiguo comisario Pano Hofer, a pesar de que este ha dejado ya muy atrás su antigua vida. Pero cuando oye el nombre de Ágata Devenworth, no puede evitar investigar lo que resulta ser una peligrosa conspiración.",https://assets.lectulandia.co/b/ab/Joshua%20T%20Calvert/El%20fosil%203%20(3)/big.jpg,https://ww3.lectulandia.co/book/el-fosil-3/,2026-09-15 02:37:24,Ciencia Ficción
El fósil 2,Joshua T. Calvert,"Ciencia ficción, Intriga, Novela, Psicológico",Libro 2 de:Secretos de Marte,"Filio Amorosa sigue teniendo un único objetivo en mente: regresar a Marte sea como sea. Debe descubrir lo que pasó allí unos años antes y por qué no puede recordar nada de ello; pero cuando al final descubre la verdad, todo su mundo da un tremendo vuelco.En la Tierra, Agatha Devenworth y Pano Hofer regresan a Nueva York desde la excavación arqueológica secreta de la Fundación Humana para intentar desbaratar las maquinaciones del Enemigo. ¿Podrán salvar el futuro de la humanidad, en medio de una batalla entre fuerzas desconocidas?",https://assets.lectulandia.co/b/ab/Joshua%20T%20Calvert/El%20fosil%202%20(2)/big.jpg,https://ww3.lectulandia.co/book/el-fosil-2/,2026-09-15 02:37:27,Ciencia Ficción
Radicalizado,Cory Doctorow,"Ciencia ficción, Novela",N/A,"Radicalizadoson cuatro novelas de ciencia ficción urgentes sobre el presente y el futuro de Estados Unidos en un solo libro.Contadas a través de una de las voces del género más en boga de nuestra generación,Radicalizadoes una oportuna colección compuesta por cuatro novelas de ciencia ficción conectadas por visiones sociales, tecnológicas y económicas de la actualidad y de lo que podría ser Estados Unidos en un futuro cercano.«Pan no autorizado» es una historia sobre la inmigración, la toxicidad de la estratificación económica y tecnológica, y los jóvenes y los oprimidos que luchan contra todo pronóstico para sobrevivir y prosperar.En «Minoría Modelo», una figura similar a la de Superman intenta rectificar la corrupción de las fuerzas policiales que durante mucho tiempo creyó erróneamente que protegían a los indefensos… sólo para descubrir que sus esfuerzos afectan negativamente a sus víctimas.«Radicalizado» es la historia de un levantamiento violento en la dark web contra las compañías de seguros, contada desde la perspectiva de un hombre desesperado por conseguir financiación para un medicamento experimental que podría curar el cáncer terminal de su esposa.La cuarta historia, «La máscara de la muerte roja», se remonta al libroWalkawayde Doctorow, abordando cuestiones de supervivencia frente a la comunidad.",https://assets.lectulandia.co/b/ab/Cory%20Doctorow/Radicalizado%20(6)/big.jpg,https://ww3.lectulandia.co/book/radicalizado/,2026-09-15 02:37:30,Ciencia Ficción
El fósil 1,Joshua T. Calvert,"Ciencia ficción, Intriga, Novela, Psicológico",Libro 1 de:Secretos de Marte,"En 2018, el arqueólogo canadiense Dan Jackson hace un descubrimiento increíble en la Antártida … y desaparece sin dejar rastro. Deja como legado su controvertida teoría de que ya vivieron humanos en la Tierra muchísimo antes de nuestra época.En el año 2042, la esposa de Jackson fallece en extrañas circunstancias y los agentes Ágata Devenworth y Pano Hofer, de caracteres muy dispares, investigan si su muerte está relacionada con la desaparición del arqueólogo. ¿Qué descubrió Jackson en la Antártida? ¿Por qué la poderosa Fundación Humana, que lleva dos decenios presentando al mundo inventos alucinantes, intenta ocultar la verdad a los dos agentes? ¿Tendrá alguna relación con ello la primera misión tripulada a Marte, plagada de innumerables teorías conspiratorias?",https://assets.lectulandia.co/b/ab/Joshua%20T%20Calvert/El%20fosil%201%20(1)/big.jpg,https://ww3.lectulandia.co/book/el-fosil-1/,2026-09-15 02:37:33,Ciencia Ficción
El excéntrico señor Dennet,Inma Aguilera,"Ciencia ficción, Novela, Romántico",N/A,"Es duro ser mujer. Y mucho más si no has nacido de alta alcurnia, destinada para un noble propósito. No obstante, el destino nunca fue algo que me importara especialmente.Eugenia Cobalto es una mujer inteligente y prometedora, tanto como para comprender que nacer en la Málaga de mediados del siglo XIX concede tan pocas libertades como oportunidades, lo que condena a una chica aventajada como ella a una vida de exclusión social.",https://assets.lectulandia.co/b/ab/Inma%20Aguilera/El%20excentrico%20senor%20Dennet%20(2)/big.jpg,https://ww3.lectulandia.co/book/el-excentrico-senor-dennet/,2026-09-15 02:37:36,Ciencia Ficción
Certámen Alberto Magno de fantasía científica (1989-1994),César Mallorquí,"Ciencia ficción, Relato",N/A,"La idea de convocar un premio literario desde una Facultad de Ciencias nació de la necesidad de promover una mayor actividad cultural en la que no sólo fuéramos espectadores, sino también parte activa. La Ciencia Ficción aparecía como el tema más adecuado a lo que se suponen las inquietudes más cercanas al científico para dar cauce a hipótesis, ideas y, por qué no, a fantasías cuya materialización choca con frecuencia con la dura realidad de la experiencia de los laboratorios, pero que sobre un papel no tiene más límites que la propia imaginación y las reglas de juego del género.",https://assets.lectulandia.co/b/ab/AA%20VV/Certamen%20Alberto%20Magno%20de%20fantasia%20cientifica%2019891994%20(1121)/big.jpg,https://ww3.lectulandia.co/book/certamen-alberto-magno-de-fantasia-cientifica-1989-1994/,2026-09-15 02:37:39,Ciencia Ficción
"Yo, un robot",Maurice Limat,"Ciencia ficción, Novela",N/A,"Era en un lugar del cielo muy lejano. En alguna parte más allá de las rutas de la Galaxia, a varios centenares de años luz de los últimos sistemas. El crucero «Lux» se lanzaba a una velocidad inaudita, acosando, persiguiendo, ametrallando, bombardeando, lanzando disparos sobre la proa que ya se le escapaba y, de una manera heroica, desafiaba al inconmensurable poder técnico-militar de la gran nave de los Hombres que la había alcanzado después de Vaal, el satélite de Antares, de donde se habían fugado cuando se descubrió la rebelión.",https://assets.lectulandia.co/b/ab/Maurice%20Limat/Yo%20un%20robot%20(3)/big.jpg,https://ww3.lectulandia.co/book/yo-un-robot/,2026-09-15 02:37:41,Ciencia Ficción
La invasión de los ovoides,Russ Winterbotham,"Ciencia ficción, Novela",N/A,"En aquella tarde de un martes del mes de julio; cinco de nosotros nos hallábamos bajo el sol tórrido del día, mezclados y sudando en un laboratorio provisional de vuelo. El termómetro marcaba una cifra aterradora a la sombra. Jack Fayburn se hallaba comprobando el XDW-49, y en esos momentos se encontraba tan alto que sólo Dios y nuestros instrumentos conocían su situación en el espacio.",https://assets.lectulandia.co/b/ab/Russ%20Winterbotham/La%20invasion%20de%20los%20ovoides%20(1)/big.jpg,https://ww3.lectulandia.co/book/la-invasion-de-los-ovoides/,2026-09-15 02:37:45,Ciencia Ficción
El abismo negro,J. L. Powers,"Ciencia ficción, Novela",N/A,"Aquella noche negra, estrellada y carente de luna, que se extendía sobre todo el espacio, nunca había visto brillar un amanecer. El sol, no mayor que una brillante estrella, era una luz indefinida que no hacía sentir su calor. Solamente las luces de las estrellas descubrían el paisaje de pesadilla. Rocas ennegrecidas, fragmentadas, cubiertas por los resplandecientes cristales de una atmósfera congelada en una ancha llanura sin vida, como uno de los cráteres de la luna.",https://assets.lectulandia.co/b/ab/J%20L%20Powers/El%20abismo%20negro%20(1)/big.jpg,https://ww3.lectulandia.co/book/el-abismo-negro/,2026-09-15 02:37:48,Ciencia Ficción
Takarabune,Sabino Cabeza,"Ciencia ficción, Novela",N/A,"Thorion es ingeniero a bordo de laTakarabune, una nave cuna que debe llevar a lo que queda de la Humanidad a un nuevo planeta. Él primero y su hija Crisol después se enfrentarán a muchos más problemas de los previstos para llevar a cabo su misión.",https://assets.lectulandia.co/b/ab/Sabino%20Cabeza/Takarabune%20(2)/big.jpg,https://ww3.lectulandia.co/book/takarabune/,2026-09-15 02:37:50,Ciencia Ficción
Cuando el Sol se apague,Bron Fane,"Ciencia ficción, Novela",N/A,"Un modesto astrónomo descubre una estrella cuya trayectoria cruzará el sistema solar. Tras repasar los cálculos cree que la influencia de la misma al pasar cerca de la Tierra provocará el deshielo de los casquetes polares y la consiguiente inundación de mas del 90% de los continentes. Ungangsterenterado de la increíble noticia obliga a punta de pistola al científico, su esposa y ayudante, a huir hacia el único punto donde se podrán salvar del cataclismo: el monte Everest…",https://assets.lectulandia.co/b/ab/Bron%20Fane/Cuando%20el%20Sol%20se%20apague%20(1)/big.jpg,https://ww3.lectulandia.co/book/cuando-el-sol-se-apague/,2026-09-15 02:37:53,Ciencia Ficción
